d_trans,empl,qualif,cf1,cf2,ww,loop
2009-05-04,1716,2.1.1.4.1.11,CF_01079320329,CF_01847860309,5.319644079397673,-
2011-01-17,1549,2.2.1.7.0.0,CF_00527500540,CF_13051890153,4.073921971252567,-
2011-10-20,1755,2.2.1.3.0.4,CF_00141000935,CF_02705290308,3.509924709103354,-
2011-11-03,1862,2.2.1.1.1.1,CF_00167460302,CF_02645310307,2.245037645448323,-
2011-11-07,1923,2.1.1.4.1.0,CF_06342240964,CF_01022540320,4.1040383299110195,-
2012-06-19,1982,2.1.1.4.1.11,CF_00072300312,CF_01365430931,2.0971937029431897,-
2012-07-16,1700,2.2.1.1.1.1,CF_01391460936,CF_00167460302,1.754962354551677,-
2012-09-05,2351,2.1.1.4.1.9,CF_BSTRTR48L13G888F,CF_01147590325,1.995893223819302,-
2012-11-19,1320,2.1.1.4.2.5,CF_00957900327,CF_01318920939,1.568788501026694,-
2013-01-12,2120,2.6.2.2.1.0,CF_MRNFNC56D13F356S,CF_90030720321,1.9657768651608487,-
2013-01-28,916,2.1.1.4.1.3,CF_00714490158,CF_01278710932,1.995893223819302,-
2013-02-01,734,2.2.1.6.1.0,CF_00167460302,CF_01735600304,2.4914442162902124,-
2013-02-01,2251,2.6.2.1.3.1,CF_02584950303,CF_80013890324,1.995893223819302,-
2013-02-25,2261,2.6.2.2.3.0,CF_80013890324,CF_01427710304,0.9500342231348392,-
2013-03-14,2041,2.2.1.7.0.0,CF_00167460302,CF_01677460303,2.209445585215606,-
2013-03-18,2180,2.1.1.3.2.2,CF_00167460302,CF_80014890323,0.8733744010951403,-
2013-03-19,1051,2.1.1.4.1.6,CF_01278710932,CF_01207700327,1.4757015742642026,-
2013-04-01,1716,2.1.1.4.3.0,CF_01847860309,CF_01207700327,1.4401095140314852,-
2013-04-02,2256,2.1.1.4.2.5,CF_00718060320,CF_02449820303,1.4127310061601643,-
2013-04-08,1401,2.1.1.4.1.17,CF_01500840937,CF_00994680320,0.7501711156741958,-
2013-04-10,1590,2.1.1.5.3.2,CF_02602970309,CF_02562580304,2.0533880903490758,-
2013-04-18,2488,2.1.1.4.1.17,CF_01589030939,CF_01203360324,2.532511978097194,-
2013-05-01,1618,2.2.1.1.1.0,CF_01207700327,CF_00074530932,2.414784394250513,-
2013-05-01,1764,2.1.1.4.3.0,CF_00998050322,CF_01207700327,1.3579739904175223,-
2013-05-01,2029,2.1.1.4.1.6,CF_00160810305,CF_01207700327,1.2073921971252566,-
2013-05-02,1448,2.1.1.3.2.1,CF_01056020322,CF_00226710309,0.7063655030800822,-
2013-05-06,1998,2.1.1.5.1.0,CF_01635250226,CF_00268100302,0.9965776865160849,-
2013-05-13,2714,2.2.2.1.1.0,CF_00167460302,CF_GRGVTR65C04G888D,1.9630390143737166,-
2013-05-30,2050,2.1.1.4.1.0,CF_80013890324,CF_02602970309,1.3360711841204653,-
2013-06-01,1305,2.6.2.2.1.2,CF_00623340932,CF_97614340012,0.9965776865160849,-
2013-06-03,989,2.1.1.4.2.5,CF_07012401001,CF_02433230303,1.5770020533880904,-
2013-07-01,2629,2.2.1.6.1.4,CF_01207700327,CF_01750650309,1.2484599589322383,-
2013-07-01,2711,2.1.1.4.3.0,CF_00167460302,CF_01207700327,1.1909650924024642,-
2013-07-16,2792,2.1.1.4.1.0,CF_94098210308,CF_02503470300,1.273100616016427,-
2013-09-02,2498,2.1.1.4.1.3,CF_01207700327,CF_01278710932,1.6563997262149213,-
2013-09-04,1235,2.1.1.4.1.1,CF_01233620325,CF_02652590809,0.4079397672826831,-
2013-09-04,1235,2.1.1.4.1.1,CF_02652590809,CF_01278080807,0.4079397672826831,-
2013-09-25,3163,2.2.1.4.1.1,CF_00848700159,CF_04734890264,2.0123203285420943,-
2013-10-01,2458,2.1.1.1.1.2,CF_10111831003,CF_00697920320,1.995893223819302,-
2013-10-01,2639,2.2.1.6.1.2,CF_02339120301,CF_00167700301,0.3531827515400411,-
2013-10-08,2370,2.1.1.3.2.2,CF_01884350305,CF_01607790936,1.6947296372347707,-
2013-10-12,2721,2.1.1.4.1.1,CF_00167460302,CF_01415510930,0.2600958247775496,-
2013-10-14,3003,2.1.1.4.2.3,CF_05641591002,CF_00397130584,0.459958932238193,-
2013-10-25,3060,2.2.2.1.1.2,CF_04015870969,CF_00186880308,0.4024640657084189,-
2013-11-04,2144,2.1.1.4.1.17,CF_00697920320,CF_02451430306,1.9028062970568105,-
2013-11-04,3115,2.1.1.4.2.5,CF_00167460302,CF_01425360938,0.9691991786447639,-
2013-11-22,3197,2.1.1.2.1.3,CF_01600880932,CF_00697920320,0.3258042436687201,-
2014-01-01,618,2.2.1.1.3.1,CF_00401990585,CF_10111831003,8.558521560574949,-
2014-01-01,2514,2.6.2.1.1.1,CF_01568510984,CF_80014550307,0.4106776180698152,-
2014-01-01,2559,2.1.1.4.1.17,CF_00397130584,CF_00306930322,8.558521560574949,-
2014-01-01,3043,2.6.2.1.4.1,CF_01176840328,CF_80013890324,0.9965776865160849,-
2014-01-01,3614,2.1.1.4.1.3,CF_01207700327,CF_01278710932,8.558521560574949,-
2014-01-07,1718,2.2.1.1.1.1,CF_00917620320,CF_00397130584,1.4757015742642026,-
2014-01-07,2901,2.1.1.4.2.2,CF_00167460302,CF_00051070324,0.9965776865160849,-
2014-01-07,3196,2.2.1.1.1.1,CF_02453860302,CF_00917620320,8.542094455852157,-
2014-01-09,2552,2.2.1.6.1.0,CF_00040990319,CF_00970820304,3.4715947980835042,-
2014-01-13,994,2.2.1.1.1.1,CF_01439610302,CF_00167460302,1.9630390143737166,-
2014-01-14,2833,2.1.1.4.2.5,CF_02451430306,CF_91043880938,0.7939767282683093,-
2014-01-16,2358,2.6.2.1.1.1,CF_02679250304,CF_80014550307,1.2019164955509924,-
2014-01-20,1082,2.1.1.4.1.0,CF_00994680320,CF_01096130933,3.693360711841205,-
2014-01-20,1538,2.1.1.4.1.0,CF_00994680320,CF_01096130933,3.969883641341547,-
2014-01-20,1593,2.1.1.4.2.6,CF_01500840937,CF_01377230931,1.943874058863792,-
2014-01-22,1897,2.1.1.4.1.0,CF_00994680320,CF_01096130933,2.2833675564681726,-
2014-01-27,1075,2.1.1.4.1.3,CF_80013890324,CF_01114290313,0.36413415468856947,-
2014-01-28,1911,2.1.1.4.2.6,CF_01096130933,CF_00821400322,0.1697467488021903,-
2014-01-30,2552,2.2.1.1.1.1,CF_00970820304,CF_00040990319,8.479123887748118,-
2014-02-01,1240,2.6.2.2.1.1,CF_02591680216,CF_80014550307,0.9965776865160849,-
2014-02-01,1998,2.6.2.3.1.2,CF_00268100302,CF_80013890324,1.3497604380561259,-
2014-02-01,2092,2.6.2.1.3.1,CF_00527970313,CF_80013890324,1.995893223819302,-
2014-02-01,2229,2.6.2.1.1.0,CF_00167460302,CF_80014550307,0.24093086926762491,-
2014-02-01,2568,2.6.2.2.1.1,CF_01415510930,CF_80013890324,3.997262149212868,-
2014-02-01,2792,2.6.2.2.1.0,CF_02503470300,CF_94098210308,1.9110198494182067,-
2014-02-03,833,2.2.1.1.1.1,CF_00481230266,CF_00623270931,0.6379192334017796,-
2014-02-03,2266,2.2.1.1.1.1,CF_90030720321,CF_00167460302,3.154004106776181,-
2014-02-03,2912,2.2.1.6.1.2,CF_00915210322,CF_00167460302,3.978097193702943,-
2014-02-03,2961,2.1.1.4.1.17,CF_02166770301,CF_00543900310,3.9069130732375084,-
2014-02-03,2986,2.2.1.1.1.1,CF_00161280300,CF_00167460302,0.2190280629705681,-
2014-02-04,2741,2.1.1.4.1.3,CF_02634210641,CF_02760490306,1.6919917864476386,-
2014-02-06,1462,2.1.1.4.3.4,CF_00917620320,CF_01534330939,0.9390828199863107,-
2014-02-06,2838,2.2.1.6.1.2,CF_00167460302,CF_00167700301,8.459958932238193,-
2014-02-06,3064,2.2.1.6.1.2,CF_00167700301,CF_00167460302,8.459958932238193,-
2014-02-17,1913,2.2.1.6.1.1,CF_01391460936,CF_02096520305,2.869267624914442,-
2014-02-17,2147,2.1.1.4.1.17,CF_00072220932,CF_00306930322,3.5181382614647503,-
2014-02-17,2800,2.2.1.6.1.1,CF_03476550102,CF_02096520305,2.869267624914442,-
2014-02-20,3043,2.2.2.1.1.0,CF_80013890324,CF_01176840328,8.421629021218344,-
2014-02-24,886,2.6.1.3.1.1,CF_00167460302,CF_80014550307,0.29842573579739906,-
2014-02-24,1264,2.6.1.3.1.1,CF_05230130824,CF_80014550307,0.29842573579739906,-
2014-02-24,1265,2.6.1.3.1.1,CF_91003370318,CF_80014550307,0.29842573579739906,-
2014-02-24,2434,2.6.1.3.1.1,CF_01207700327,CF_80014550307,0.29842573579739906,-
2014-02-24,2639,2.1.1.4.1.8,CF_00167700301,CF_00957890320,1.9657768651608487,-
2014-02-26,2210,2.2.2.1.1.1,CF_00118410323,CF_TRLNRC56S09L424L,0.4928131416837782,-
2014-03-01,913,2.2.1.1.1.1,CF_00160810305,CF_00167460302,4.219028062970568,-
2014-03-01,1024,2.6.1.1.1.2,CF_00167460302,CF_80001390303,0.33127994524298426,-
2014-03-01,1448,2.6.2.2.1.1,CF_00226710309,CF_80013890324,2.6721423682409307,-
2014-03-01,1680,2.6.2.2.2.0,CF_03348020102,CF_80014550307,0.9965776865160849,-
2014-03-01,1892,2.6.2.2.3.2,CF_00697920320,CF_80014550307,0.2518822724161533,-
2014-03-01,2050,2.6.2.1.2.3,CF_02602970309,CF_80014550307,2.1656399726214923,-
2014-03-01,2406,2.6.2.3.1.2,CF_02349490306,CF_80013890324,1.998631074606434,-
2014-03-01,2706,2.6.2.2.2.1,CF_01427710304,CF_80014550307,0.9965776865160849,-
2014-03-03,533,2.1.1.4.1.17,CF_00543900310,CF_03007700366,3.326488706365503,-
2014-03-04,1441,2.6.1.1.1.0,CF_94098210308,CF_80013890324,0.6598220396988365,-
2014-03-04,2837,2.1.1.5.2.2,CF_00167460302,CF_01733410938,0.5201916495550992,-
2014-03-06,2108,2.1.1.4.1.17,CF_80013890324,CF_00543900310,8.383299110198495,-
2014-03-07,2181,2.6.2.3.2.1,CF_00072220932,CF_80013890324,0.9965776865160849,-
2014-03-11,3139,2.1.1.4.3.4,CF_01600880932,CF_00055180327,0.5010266940451745,-
2014-03-14,1347,2.6.2.1.1.3,CF_94098210308,CF_80014550307,2.9979466119096507,-
2014-03-16,2057,2.6.2.3.1.2,CF_00167700301,CF_80014550307,0.6269678302532512,-
2014-03-17,54,2.1.1.5.2.0,CF_90017110314,CF_90035850313,0.7912388774811773,-
2014-03-17,55,2.1.1.5.2.0,CF_90017110314,CF_90035850313,0.7912388774811773,-
2014-03-17,67,2.1.1.5.2.0,CF_90017080319,CF_90035850313,0.7912388774811773,-
2014-03-17,69,2.1.1.5.2.0,CF_90017080319,CF_90035850313,0.7912388774811773,-
2014-03-17,73,2.1.1.5.2.0,CF_90017110314,CF_90035850313,0.7912388774811773,-
2014-03-17,154,2.1.1.5.2.0,CF_90017110314,CF_90009500316,0.7912388774811773,-
2014-03-17,2632,2.1.1.3.2.2,CF_90030720321,CF_01138620313,8.353182751540041,-
2014-03-17,3260,2.2.1.1.2.1,CF_00167460302,CF_00848700100,1.7905544147843941,-
2014-03-17,3265,2.2.1.1.1.1,CF_01600880932,CF_00167460302,3.477070499657769,-
2014-03-18,3266,2.2.1.5.2.1,CF_01427710304,CF_00072220932,0.0054757015742642025,-
2014-03-18,3391,2.1.1.2.1.1,CF_00167460302,CF_01379170937,0.5831622176591376,-
2014-03-21,1212,2.1.1.4.1.3,CF_80035060328,CF_01574210934,5.347022587268994,-
2014-03-24,1993,2.1.1.4.1.3,CF_01207700327,CF_01391460936,0.9965776865160849,-
2014-04-01,181,2.1.1.5.1.0,CF_00397130584,CF_80014550307,0.49828884325804246,-
2014-04-01,236,2.1.1.5.2.2,CF_80001020314,CF_91015350316,0.7501711156741958,-
2014-04-01,966,2.6.2.2.2.0,CF_80035060328,CF_80014550307,0.49828884325804246,-
2014-04-01,1531,2.1.1.4.1.15,CF_04407320284,CF_01172110320,0.7501711156741958,-
2014-04-01,1911,2.1.1.4.2.6,CF_00821400322,CF_07613050157,1.7440109514031485,-
2014-04-01,2232,2.6.2.1.1.1,CF_02679250304,CF_80014550307,0.6652977412731006,-
2014-04-01,2822,2.2.1.4.1.1,CF_13071590155,CF_00162990303,0.216290212183436,-
2014-04-01,2863,2.1.1.5.3.2,CF_01121910325,CF_04733650487,8.31211498973306,-
2014-04-01,2906,2.6.2.2.2.1,CF_01427710304,CF_80014550307,0.9965776865160849,-
2014-04-01,3379,2.1.1.4.1.3,CF_01745980308,CF_02550980300,4.7501711156741955,-
2014-04-02,645,2.6.2.2.1.0,CF_01137460323,CF_90030720321,0.7474332648870636,-
2014-04-02,1581,2.6.2.3.2.1,CF_01063450322,CF_10915160153,5.494866529774128,-
2014-04-07,1714,2.1.1.3.2.6,CF_04407320284,CF_01507200937,0.7337440109514032,-
2014-04-07,2435,2.2.1.2.1.1,CF_00167460302,CF_00161280300,3.077344284736482,-
2014-04-07,2902,2.2.1.1.1.1,CF_01207700327,CF_00744320326,0.49007529089664614,-
2014-04-07,3391,2.2.1.1.1.1,CF_01379170937,CF_00167460302,0.030116358658453114,-
2014-04-08,2823,2.1.1.4.2.1,CF_00922990320,CF_02175740303,0.49828884325804246,-
2014-04-14,1070,2.6.2.1.3.3,CF_01809430760,CF_01221530320,2.7159479808350446,-
2014-04-14,1850,2.2.1.4.1.1,CF_02636870301,CF_02505450300,1.0787132101300478,-
2014-04-14,3549,2.1.1.4.1.17,CF_01507200937,CF_01207700327,0.405201916495551,-
2014-04-20,2426,2.2.1.1.1.1,CF_01053680318,CF_00040990319,1.894592744695414,-
2014-04-22,2089,2.1.1.4.1.17,CF_02102200306,CF_02175740303,1.6700889801505818,-
2014-04-22,2157,2.1.1.4.2.1,CF_00697920320,CF_01105960320,8.254620123203285,-
2014-04-23,39,2.1.1.5.2.2,CF_90009500316,CF_90035850313,0.6899383983572895,-
2014-04-28,299,2.6.1.2.3.0,CF_00162990303,CF_80014550307,0.4243668720054757,-
2014-04-28,392,2.6.1.2.3.0,CF_00697920320,CF_80014550307,0.4243668720054757,-
2014-04-28,2041,2.2.1.7.0.0,CF_01677460303,CF_01633760937,4.903490759753593,-
2014-05-01,88,2.1.1.5.2.0,CF_94116460307,CF_91004270301,0.6680355920602327,-
2014-05-01,1005,2.3.1.1.1.1,CF_09824071006,CF_00623340932,1.998631074606434,-
2014-05-01,1845,2.1.1.4.1.17,CF_08154500964,CF_05935090968,1.4154688569472964,-
2014-05-05,1261,2.2.1.1.1.1,CF_PTTMRC68D15L483H,CF_01365820115,0.15331964407939766,-
2014-05-05,2457,2.1.1.4.2.6,CF_01942870302,CF_02036220016,0.405201916495551,-
2014-05-05,2839,2.1.1.4.2.6,CF_01550780934,CF_00821400322,0.6570841889117043,-
2014-05-05,2986,2.2.1.1.1.1,CF_00167460302,CF_00284810173,4.8405201916495555,-
2014-05-05,3057,2.2.1.3.0.0,CF_02337320309,CF_00163780307,8.219028062970569,-
2014-05-05,3262,2.1.1.4.2.5,CF_05935090968,CF_07613050157,0.030116358658453114,-
2014-05-05,3415,2.1.1.4.3.4,CF_00397130584,CF_01111730329,0.35592060232717315,-
2014-05-05,3421,2.2.1.8.0.2,CF_00707060323,CF_00527500540,0.9965776865160849,-
2014-05-07,1065,2.1.1.4.2.1,CF_00697920320,CF_04051130260,0.12046543463381246,-
2014-05-08,1789,2.6.1.2.2.0,CF_02665730301,CF_80014550307,0.2299794661190965,-
2014-05-08,2961,2.1.1.4.1.3,CF_00543900310,CF_02166770301,2.9787816563997263,-
2014-05-09,3060,2.2.2.1.1.2,CF_00186880308,CF_01571570306,0.19164955509924708,-
2014-05-12,1581,2.1.1.2.1.18,CF_10915160153,CF_01063450322,8.199863107460644,-
2014-05-12,2285,2.1.1.4.2.6,CF_01102040324,CF_00821400322,0.6379192334017796,-
2014-05-14,2580,2.2.2.1.1.2,CF_SPNFPP73C22D548L,CF_00161840301,0.5010266940451745,-
2014-05-15,2152,2.1.1.4.1.3,CF_01207700327,CF_01391460936,8.191649555099247,-
2014-05-15,2837,2.2.1.6.1.0,CF_01733410938,CF_00167460302,0.8076659822039699,-
2014-05-16,923,2.6.2.3.2.1,CF_01415510930,CF_80013890324,0.29021218343600275,-
2014-05-16,2294,2.6.2.1.2.1,CF_01066380328,CF_80035060328,1.998631074606434,-
2014-05-19,768,2.1.1.4.1.0,CF_00599830932,CF_01132820935,0.1998631074606434,-
2014-05-20,1384,2.2.1.4.1.1,CF_00167500248,CF_00397130584,8.177960301163587,-
2014-05-20,2204,2.1.1.4.2.6,CF_01207700327,CF_07613050157,1.864476386036961,-
2014-05-21,1365,2.1.1.4.2.6,CF_01278710932,CF_00821400322,0.6132785763175906,-
2014-05-26,2358,2.1.1.5.3.2,CF_80014550307,CF_01126630936,8.161533196440795,-
2014-06-01,1032,2.6.2.2.2.1,CF_02665730301,CF_80014550307,0.6680355920602327,-
2014-06-01,1334,2.6.2.2.1.1,CF_00065130932,CF_80014550307,0.9965776865160849,-
2014-06-01,2498,2.6.2.1.2.1,CF_01278710932,CF_80013890324,2.9979466119096507,-
2014-06-01,3265,2.6.2.1.1.1,CF_00167460302,CF_80014550307,0.33127994524298426,-
2014-06-01,3499,2.1.1.4.1.0,CF_02507690309,CF_01207700327,0.2737850787132101,-
2014-06-03,873,2.1.1.5.1.2,CF_80013890324,CF_02217760301,1.5742642026009583,-
2014-06-03,1393,2.1.1.3.2.6,CF_00167460302,CF_00218360303,8.139630390143736,-
2014-06-03,1998,2.1.1.5.1.0,CF_80013890324,CF_00268100302,5.325119780971937,-
2014-06-03,2132,2.1.1.4.1.11,CF_00915290324,CF_01207340322,0.4928131416837782,-
2014-06-03,2135,2.2.1.3.0.3,CF_02406000261,CF_CSLSTI77D27L424S,0.9965776865160849,-
2014-06-03,2259,2.1.1.4.1.11,CF_01207700327,CF_01220590937,0.7364818617385352,-
2014-06-03,3415,2.2.1.1.1.1,CF_01111730329,CF_00397130584,0.5311430527036276,-
2014-06-04,1632,2.1.1.4.2.5,CF_00072300312,CF_02449820303,0.24914442162902123,-
2014-06-04,2668,2.1.1.4.1.3,CF_90097270327,CF_01532950936,8.136892539356605,-
2014-06-05,1619,2.1.1.4.1.17,CF_01207700327,CF_01574210934,0.7337440109514032,-
2014-06-06,3089,2.6.2.2.1.0,CF_90030720321,CF_01063450322,0.5694729637234771,-
2014-06-09,1789,2.6.2.2.2.0,CF_80014550307,CF_02665730301,0.5612594113620808,-
2014-06-09,3062,2.6.2.2.2.0,CF_97231970589,CF_02665730301,0.5612594113620808,-
2014-06-09,3549,2.1.1.4.1.11,CF_01207700327,CF_01221840323,0.5612594113620808,-
2014-06-11,3197,2.1.1.4.2.6,CF_00697920320,CF_00821400322,0.5557837097878165,-
2014-06-12,2066,2.1.1.5.3.2,CF_02665730301,CF_02460420306,0.49828884325804246,-
2014-06-16,2507,2.6.2.2.1.0,CF_00452490303,CF_80014550307,0.07939767282683094,-
2014-06-16,3124,2.1.1.4.1.3,CF_00397130584,CF_13071590155,3.1238877481177276,-
2014-06-16,3262,2.2.1.1.1.0,CF_07613050157,CF_80014550307,0.5420944558521561,-
2014-06-18,2844,2.1.1.4.2.6,CF_00167460302,CF_02036220016,0.28473648186173856,-
2014-06-19,2526,2.2.1.7.0.2,CF_01532950936,CF_01831170301,0.02190280629705681,-
2014-06-19,3065,2.2.1.1.1.1,CF_03655680407,CF_00167460302,8.095824777549623,-
2014-06-23,2238,2.1.1.4.2.6,CF_00917620320,CF_00821400322,0.27104722792607805,-
2014-06-23,2785,2.1.1.4.2.6,CF_80014550307,CF_00821400322,0.030116358658453114,-
2014-07-01,124,2.1.1.5.3.2,CF_02602970309,CF_02051430300,1.4921286789869952,-
2014-07-01,859,2.2.1.1.1.1,CF_80003530930,CF_00167460302,8.062970568104038,-
2014-07-01,1003,2.6.2.1.3.1,CF_00821400322,CF_80013890324,1.2484599589322383,-
2014-07-01,1026,2.2.1.4.1.1,CF_00162990303,CF_00167460302,8.062970568104038,-
2014-07-01,1932,2.1.1.4.1.4,CF_02102250632,CF_10111831003,1.4154688569472964,-
2014-07-01,2104,2.6.2.2.1.1,CF_00697920320,CF_80014550307,1.998631074606434,-
2014-07-01,2106,2.6.2.2.1.0,CF_00623340932,CF_01063450322,1.5003422313483916,-
2014-07-01,2164,2.6.2.3.2.1,CF_01207700327,CF_01635250226,8.062970568104038,-
2014-07-01,2183,2.1.1.3.2.6,CF_01533350938,CF_00166710301,8.062970568104038,-
2014-07-01,2222,2.3.1.1.1.0,CF_01181070325,CF_05165060962,0.33401779603011633,-
2014-07-01,2351,2.6.2.2.1.0,CF_01147590325,CF_01864210388,0.5010266940451745,-
2014-07-01,2355,2.1.1.5.3.2,CF_02602970309,CF_02051430300,0.5859000684462696,-
2014-07-01,2504,2.6.2.3.1.3,CF_00074230939,CF_01635250226,8.062970568104038,-
2014-07-01,2824,2.1.1.5.3.2,CF_02602970309,CF_02051430300,0.6625598904859685,-
2014-07-01,2891,2.6.2.2.1.0,CF_06031680017,CF_00124430323,0.9144421629021219,-
2014-07-01,3188,2.1.1.4.1.9,CF_01207700327,CF_03225090962,8.062970568104038,-
2014-07-02,2839,2.1.1.2.1.1,CF_00821400322,CF_09971080156,8.060232717316905,-
2014-07-07,925,2.6.2.1.3.0,CF_80014550307,CF_01584310302,0.2327173169062286,-
2014-07-07,1821,2.1.1.5.1.3,CF_07613050157,CF_00566630323,0.22176591375770022,-
2014-07-14,1811,2.1.1.3.2.6,CF_00167460302,CF_01507200937,8.02737850787132,-
2014-07-14,2029,2.1.1.4.1.2,CF_01207700327,CF_02166770301,1.7138945927446954,-
2014-07-14,2553,2.1.1.4.1.4,CF_01207700327,CF_00072300312,0.14510609171800137,-
2014-07-14,2837,2.2.2.1.1.5,CF_00167460302,CF_00397130584,0.29842573579739906,-
2014-07-16,923,2.1.1.4.1.1,CF_80013890324,CF_01415510930,0.4161533196440794,-
2014-07-16,2532,2.1.1.4.2.1,CF_00932030323,CF_00397130584,2.707734428473648,-
2014-07-18,2912,2.1.1.4.1.1,CF_00167460302,CF_00915210322,0.2874743326488706,-
2014-07-21,1781,2.1.1.4.2.0,CF_80014550307,CF_02767580307,0.2518822724161533,-
2014-07-21,3426,2.1.1.4.2.0,CF_01207700327,CF_02767580307,0.11225188227241616,-
2014-08-01,2238,2.6.2.1.1.1,CF_00821400322,CF_80014550307,0.5010266940451745,-
2014-08-01,2258,2.6.2.2.2.1,CF_02584950303,CF_80014550307,0.9965776865160849,-
2014-08-01,2792,2.6.2.2.1.0,CF_94098210308,CF_02584950303,1.4154688569472964,-
2014-08-01,3661,2.1.1.4.1.11,CF_01207700327,CF_00162990303,0.2874743326488706,-
2014-08-04,330,2.1.1.3.2.2,CF_01365820115,CF_01402980112,4.736481861738535,-
2014-08-04,1261,2.2.1.1.1.1,CF_01365820115,CF_01402980112,2.861054072553046,-
2014-08-04,1512,2.2.1.1.1.1,CF_00161280300,CF_00284810173,7.969883641341547,-
2014-08-06,3499,2.1.1.4.1.0,CF_01207700327,CF_02284230303,0.9828884325804244,-
2014-08-25,275,2.1.1.5.2.0,CF_00124560939,CF_01791730938,4.246406570841889,-
2014-08-25,1938,2.2.1.1.3.1,CF_90030720321,CF_01618730996,7.912388774811773,-
2014-09-01,392,2.1.1.1.1.2,CF_80014550307,CF_00697920320,1.429158110882957,-
2014-09-01,900,2.2.1.1.2.1,CF_00167460302,CF_00397130584,7.8932238193018485,-
2014-09-01,1061,2.6.2.1.1.0,CF_01141000313,CF_80014550307,0.9965776865160849,-
2014-09-01,1280,2.6.2.2.2.1,CF_00697920320,CF_80014550307,0.9965776865160849,-
2014-09-01,1417,2.6.2.2.2.0,CF_02562580304,CF_80014550307,0.16427104722792607,-
2014-09-01,1475,2.1.1.2.2.2,CF_01427710304,CF_13081090154,1.3305954825462012,-
2014-09-01,1782,2.1.1.4.1.9,CF_01365430931,CF_01618730996,2.746064339493498,-
2014-09-01,1885,2.6.2.2.1.1,CF_07613050157,CF_80014550307,0.8295687885010267,-
2014-09-01,2134,2.6.2.1.1.1,CF_80013890324,CF_80014550307,1.3305954825462012,-
2014-09-01,2426,2.1.1.4.1.2,CF_00040990319,CF_01053680318,0.33127994524298426,-
2014-09-01,2686,2.6.2.1.1.2,CF_LZZPRZ61R53H570I,CF_80035060328,1.998631074606434,-
2014-09-01,2785,2.6.2.2.2.0,CF_00821400322,CF_80014550307,0.07939767282683094,-
2014-09-01,2929,2.6.1.1.1.0,CF_01071600306,CF_80014550307,0.07939767282683094,-
2014-09-01,3006,2.2.1.1.1.1,CF_02505450300,CF_00167460302,0.14510609171800137,-
2014-09-01,3098,2.6.2.3.1.2,CF_00167460302,CF_80013890324,0.9965776865160849,-
2014-09-01,3596,2.1.1.4.2.5,CF_01585860933,CF_01318920939,1.9082819986310746,-
2014-09-02,3190,2.2.1.1.1.1,CF_02413520301,CF_00167460302,1.7138945927446954,-
2014-09-03,741,2.1.1.4.1.17,CF_02521860300,CF_03655680407,0.3258042436687201,-
2014-09-08,1716,2.1.1.4.1.9,CF_01207700327,CF_02410240242,7.874058863791923,-
2014-09-08,2251,2.6.2.2.1.0,CF_80013890324,CF_02584950303,3.14031485284052,-
2014-09-08,2620,2.2.1.1.1.1,CF_01607790936,CF_00050880319,1.998631074606434,-
2014-09-08,3220,2.1.1.4.1.11,CF_00998050322,CF_01847860309,0.9965776865160849,-
2014-09-10,1051,2.1.1.4.1.6,CF_01207700327,CF_02792450302,7.868583162217659,-
2014-09-10,1636,2.1.1.4.2.0,CF_01207700327,CF_02792450302,3.3018480492813143,-
2014-09-10,1744,2.1.1.4.3.4,CF_01207700327,CF_02788830301,7.868583162217659,-
2014-09-10,1772,2.1.1.4.3.0,CF_01207700327,CF_02788830301,3.3018480492813143,-
2014-09-10,1940,2.1.1.4.3.0,CF_01207700327,CF_02792450302,3.3018480492813143,-
2014-09-10,2022,2.1.1.4.3.0,CF_01207700327,CF_02792450302,7.868583162217659,-
2014-09-10,2394,2.1.1.4.2.0,CF_01207700327,CF_02788830301,3.3018480492813143,-
2014-09-10,2406,2.6.2.1.1.5,CF_80013890324,CF_00046830329,7.868583162217659,-
2014-09-10,2551,2.1.1.4.1.6,CF_01207700327,CF_02792450302,7.868583162217659,-
2014-09-10,2553,2.1.1.4.2.0,CF_00072300312,CF_01207700327,1.88911704312115,-
2014-09-10,2852,2.1.1.4.1.6,CF_01207700327,CF_02792450302,3.3210130047912387,-
2014-09-10,2860,2.1.1.4.3.0,CF_01207700327,CF_02792450302,3.3292265571526354,-
2014-09-10,2864,2.1.1.4.3.0,CF_01207700327,CF_02788830301,7.868583162217659,-
2014-09-10,2891,2.2.1.7.0.1,CF_00124430323,CF_06031680017,1.3880903490759753,-
2014-09-10,2914,2.1.1.4.3.4,CF_01207700327,CF_02788830301,3.3018480492813143,-
2014-09-10,3136,2.1.1.4.3.0,CF_01207700327,CF_02792450302,3.2197125256673513,-
2014-09-10,3188,2.1.1.4.2.0,CF_03225090962,CF_02792450302,3.3018480492813143,-
2014-09-10,3555,2.1.1.4.3.0,CF_01207700327,CF_02788830301,3.3018480492813143,-
2014-09-10,3569,2.1.1.4.3.0,CF_01207700327,CF_02792450302,7.868583162217659,-
2014-09-10,3630,2.1.1.4.3.0,CF_01207700327,CF_02788830301,3.3018480492813143,-
2014-09-10,3660,2.1.1.4.3.0,CF_01207700327,CF_02788830301,3.3018480492813143,-
2014-09-10,3686,2.1.1.4.1.17,CF_01207700327,CF_02788830301,3.3018480492813143,-
2014-09-15,789,2.2.1.1.1.1,CF_02531650303,CF_00167460302,4.454483230663929,-
2014-09-15,905,2.1.1.5.3.2,CF_01391460936,CF_02349490306,0.09856262833675565,-
2014-09-15,2017,2.1.1.5.4.1,CF_00848700159,CF_00998050322,0.24093086926762491,-
2014-09-15,2370,2.1.1.4.1.15,CF_01607790936,CF_00543900310,1.163586584531143,-
2014-09-15,2559,2.1.1.5.4.2,CF_00306930322,CF_00397130584,7.854893908281999,-
2014-09-15,2748,2.1.1.4.2.3,CF_01680840939,CF_01391460936,0.7775496235455168,-
2014-09-15,3476,2.2.1.4.1.1,CF_02096270307,CF_06031680017,0.49007529089664614,-
2014-09-15,3574,2.1.1.4.1.11,CF_01207700327,CF_01919360303,0.8076659822039699,-
2014-09-16,1786,2.1.1.4.1.17,CF_02194060378,CF_02521860300,0.5065023956194388,-
2014-09-16,3317,2.6.2.1.1.2,CF_00167460302,CF_80035060328,1.998631074606434,-
2014-09-22,1825,2.2.1.4.1.1,CF_80014550307,CF_00072300312,4.060232717316906,-
2014-09-22,2595,2.1.1.2.1.1,CF_02440000301,CF_09971080156,0.9965776865160849,-
2014-09-22,3461,2.1.1.4.1.17,CF_00623270931,CF_01142090313,0.2737850787132101,-
2014-09-25,2553,2.2.1.4.1.1,CF_01207700327,CF_00072300312,2.5516769336071183,-
2014-09-29,1423,2.6.1.3.1.1,CF_01207700327,CF_80014550307,1.002053388090349,-
2014-10-01,5,2.6.1.2.3.0,CF_00697920320,CF_80014550307,0.9965776865160849,-
2014-10-01,275,2.6.1.2.3.0,CF_01791730938,CF_80014550307,0.9965776865160849,-
2014-10-01,439,2.1.1.4.1.3,CF_00054130323,CF_01102590328,7.811088295687885,-
2014-10-01,567,2.6.1.2.3.0,CF_03269160960,CF_80014550307,0.9965776865160849,-
2014-10-01,607,2.6.1.2.3.0,CF_01252510324,CF_80014550307,0.9965776865160849,-
2014-10-01,665,2.6.1.2.3.0,CF_02107370302,CF_80014550307,0.9965776865160849,-
2014-10-01,817,2.6.1.2.3.0,CF_01133800324,CF_80014550307,0.9965776865160849,-
2014-10-01,916,2.6.1.2.3.0,CF_01278710932,CF_80014550307,0.9965776865160849,-
2014-10-01,1262,2.6.1.2.3.0,CF_80013890324,CF_80014550307,0.9965776865160849,-
2014-10-01,1286,2.6.1.2.3.0,CF_00821400322,CF_80014550307,0.9965776865160849,-
2014-10-01,1337,2.6.2.2.2.1,CF_02649510308,CF_80014550307,0.9965776865160849,-
2014-10-01,1481,2.6.1.7.1.0,CF_01589470937,CF_80014550307,0.9965776865160849,-
2014-10-01,1548,2.6.1.2.3.0,CF_00623340932,CF_80014550307,0.9965776865160849,-
2014-10-01,1678,2.2.1.1.3.2,CF_80013890324,CF_00050880319,0.8295687885010267,-
2014-10-01,2098,2.1.1.5.1.0,CF_02562580304,CF_01278710932,0.49555099247091033,-
2014-10-01,2262,2.6.2.1.1.1,CF_00167460302,CF_80014550307,0.9965776865160849,-
2014-10-01,2379,2.6.1.2.3.0,CF_00821400322,CF_80014550307,0.9965776865160849,-
2014-10-01,2837,2.1.1.5.2.2,CF_00397130584,CF_01733410938,1.3278576317590691,-
2014-10-01,3162,2.2.1.6.1.2,CF_01144240320,CF_01507200937,0.49555099247091033,-
2014-10-02,1821,2.1.1.5.3.2,CF_00566630323,CF_00543900310,1.7440109514031485,-
2014-10-02,1896,2.1.1.4.1.17,CF_01098690322,CF_00543900310,1.1143052703627652,-
2014-10-06,1505,2.2.1.1.1.1,CF_01415510930,CF_80007410931,0.7392197125256673,-
2014-10-06,3326,2.1.1.4.2.6,CF_02036220016,CF_00821400322,0.23545516769336072,-
2014-10-07,2148,2.6.1.3.1.0,CF_00065130932,CF_80014550307,0.29568788501026694,-
2014-10-14,725,2.2.1.1.1.0,CF_10286570154,CF_00444400311,0.49555099247091033,-
2014-10-16,2016,2.6.2.2.1.1,CF_00821400322,CF_80014550307,0.9965776865160849,-
2014-10-20,2776,2.2.1.1.1.1,CF_01110830310,CF_00163780307,7.759069130732375,-
2014-10-20,2996,2.1.1.4.1.17,CF_00162990303,CF_01193540323,0.3586584531143053,-
2014-10-22,2210,2.2.2.1.1.1,CF_TRLNRC56S09L424L,CF_01230040329,1.4401095140314852,-
2014-10-28,3086,2.1.1.4.3.4,CF_94098210308,CF_00055180327,0.5010266940451745,-
2014-11-01,1441,2.6.2.2.1.1,CF_80013890324,CF_80014550307,1.4154688569472964,-
2014-11-01,2484,2.6.2.3.1.2,CF_06031680017,CF_80014550307,0.9965776865160849,-
2014-11-01,2912,2.1.1.4.1.1,CF_00915210322,CF_01076090321,0.3258042436687201,-
2014-11-01,3192,2.6.2.2.1.2,CF_00167460302,CF_00211830328,2.9979466119096507,-
2014-11-03,785,2.6.1.2.1.2,CF_80011330323,CF_80014550307,0.2299794661190965,-
2014-11-03,2065,2.2.1.6.1.4,CF_80013890324,CF_00848700100,7.7207392197125255,-
2014-11-03,2481,2.2.1.7.0.1,CF_00167460302,CF_00255970303,0.030116358658453114,-
2014-11-04,1252,2.1.1.5.4.1,CF_00306930322,CF_00998050322,2.940451745379877,-
2014-11-04,1879,2.1.1.4.1.0,CF_00162990303,CF_00220970305,3.356605065023956,-
2014-11-04,2030,2.2.1.1.1.1,CF_80013890324,CF_01267410320,3.805612594113621,-
2014-11-04,3006,2.2.1.1.2.1,CF_00167460302,CF_00397130584,7.7180013689253935,-
2014-11-04,3109,2.1.1.5.4.1,CF_90030720321,CF_00998050322,7.7180013689253935,-
2014-11-05,3219,2.2.2.1.2.7,CF_01224300325,CF_02627960301,0.4928131416837782,-
2014-11-10,1207,2.1.1.4.3.4,CF_00166090308,CF_01223770320,7.701574264202601,-
2014-11-10,2488,2.2.1.6.1.2,CF_01203360324,CF_01507200937,0.4681724845995893,-
2014-11-10,3391,2.1.1.2.1.1,CF_00167460302,CF_01379170937,0.32306639288158795,-
2014-11-12,814,2.1.1.4.1.4,CF_97220210583,CF_02276870215,0.46269678302532513,-
2014-11-14,2235,2.1.1.4.3.4,CF_80014550307,CF_01087710321,0.4928131416837782,-
2014-11-16,2173,2.6.2.1.2.1,CF_02781790304,CF_80035060328,1.9575633127994525,-
2014-11-16,3315,2.6.2.1.1.2,CF_03094850231,CF_80035060328,1.998631074606434,-
2014-11-17,2242,2.2.1.8.0.2,CF_06961940969,CF_01067780328,0.28199863107460643,-
2014-11-17,3276,2.2.1.1.2.1,CF_02695580304,CF_00397130584,7.682409308692677,-
2014-11-21,2050,2.1.1.4.1.0,CF_80014550307,CF_02602970309,0.10951403148528405,-
2014-11-24,2287,2.1.1.4.1.17,CF_00397130584,CF_01207700327,0.10130047912388775,-
2014-11-24,2873,2.1.1.4.1.17,CF_01427710304,CF_01100660313,0.5119780971937029,-
2014-11-27,785,2.6.1.1.1.5,CF_80014550307,CF_80011330323,0.840520191649555,-
2014-12-01,655,2.2.1.6.1.5,CF_00637110164,CF_00223850306,1.1663244353182751,-
2014-12-01,1542,2.6.2.1.2.1,CF_00697920320,CF_80013890324,0.9965776865160849,-
2014-12-01,1573,2.1.1.4.1.17,CF_00697920320,CF_02413520301,0.5475701574264202,-
2014-12-01,1714,2.6.2.1.2.0,CF_01507200937,CF_04407320284,0.8596851471594799,-
2014-12-01,1780,2.2.1.1.2.0,CF_80014550307,CF_00917620320,7.644079397672827,-
2014-12-01,2196,2.1.1.4.2.5,CF_02449820303,CF_01838180303,1.9028062970568105,-
2014-12-01,2222,2.6.2.2.1.3,CF_05165060962,CF_01251340327,0.48186173853524983,-
2014-12-01,2401,2.2.1.1.2.0,CF_00167460302,CF_00917620320,7.644079397672827,-
2014-12-01,2672,2.1.1.4.1.3,CF_00167460302,CF_01391460936,7.644079397672827,-
2014-12-01,2776,2.2.1.6.1.1,CF_00163780307,CF_00167460302,0.6023271731690623,-
2014-12-01,2883,2.6.2.2.3.1,CF_00821400322,CF_80013890324,0.9965776865160849,-
2014-12-01,2924,2.1.1.4.1.8,CF_00167460302,CF_00957890320,0.06023271731690623,-
2014-12-02,2767,2.1.1.4.1.9,CF_02194060378,CF_08581450585,7.641341546885695,-
2014-12-05,2451,2.6.2.1.2.1,CF_00821400322,CF_80013890324,3.997262149212868,-
2014-12-09,152,2.1.1.4.1.3,CF_80014550307,CF_00118410323,0.10130047912388775,-
2014-12-09,210,2.1.1.4.1.3,CF_00046260329,CF_00118410323,0.10130047912388775,-
2014-12-09,297,2.1.1.4.1.4,CF_01155360322,CF_00118410323,1.9767282683093772,-
2014-12-09,2484,2.2.1.4.1.1,CF_80014550307,CF_06031680017,2.642026009582478,-
2014-12-10,1148,2.2.1.3.0.4,CF_02463610309,CF_00218360303,7.619438740588638,-
2014-12-23,1273,2.6.2.1.2.2,CF_07785990156,CF_80013890324,2.9979466119096507,-
2014-12-23,1485,2.6.2.1.2.2,CF_00697920320,CF_80013890324,2.9979466119096507,-
2015-01-01,2129,2.1.1.4.1.3,CF_01532950936,CF_01391460936,2.9130732375085557,-
2015-01-01,2157,2.1.1.1.1.2,CF_01105960320,CF_00697920320,1.108829568788501,-
2015-01-01,2306,2.2.1.6.1.4,CF_00848700159,CF_04734890264,0.7446954140999316,-
2015-01-01,2406,2.1.1.5.3.2,CF_00046830329,CF_02349490306,7.559206023271732,-
2015-01-01,2776,2.6.2.2.3.0,CF_00167460302,CF_80054330586,0.9965776865160849,-
2015-01-01,2800,2.2.1.1.3.2,CF_02096520305,CF_01618730996,0.7885010266940452,-
2015-01-01,3009,2.1.1.4.2.6,CF_00821400322,CF_07613050157,1.9931553730321698,-
2015-01-01,3186,2.2.1.1.3.1,CF_03476550102,CF_01618730996,7.559206023271732,-
2015-01-02,2249,2.1.1.4.2.6,CF_07613050157,CF_00821400322,0.49007529089664614,-
2015-01-05,1458,2.1.1.4.1.3,CF_01111790323,CF_01310340938,7.5482546201232035,-
2015-01-05,2076,2.1.1.4.2.6,CF_02036220016,CF_00821400322,1.2347707049965777,-
2015-01-05,2451,2.1.1.4.2.6,CF_80013890324,CF_00821400322,1.2347707049965777,-
2015-01-07,603,2.2.1.1.1.1,CF_80014550307,CF_00167460302,3.353867214236824,-
2015-01-07,1162,2.2.1.6.1.1,CF_80014550307,CF_00065130932,7.542778918548939,-
2015-01-07,1491,2.1.1.4.2.6,CF_07613050157,CF_00821400322,0.1834360027378508,-
2015-01-07,2040,2.2.1.2.1.0,CF_00547070318,CF_01160790315,7.542778918548939,-
2015-01-07,2314,2.2.1.4.1.1,CF_02629720307,CF_00065130932,2.647501711156742,-
2015-01-07,2883,2.1.1.4.2.6,CF_80013890324,CF_00821400322,0.10677618069815195,-
2015-01-07,2981,2.2.1.6.1.2,CF_01427710304,CF_01507200937,0.47638603696098564,-
2015-01-07,3045,2.6.2.2.1.0,CF_80014550307,CF_94098210308,0.9801505817932923,-
2015-01-07,3253,2.1.1.4.2.5,CF_01600880932,CF_00397130584,2.1437371663244353,-
2015-01-09,1561,2.1.1.4.2.6,CF_00444400311,CF_00821400322,0.10130047912388775,-
2015-01-09,2238,2.1.1.4.2.6,CF_80014550307,CF_00821400322,0.13689253935660506,-
2015-01-09,2693,2.1.1.4.2.6,CF_00167460302,CF_00821400322,0.5968514715947981,-
2015-01-09,2983,2.1.1.4.2.6,CF_07613050157,CF_00821400322,0.10130047912388775,-
2015-01-09,3109,2.1.1.5.2.2,CF_00998050322,CF_01463130300,0.17796030116358658,-
2015-01-10,1244,2.1.1.4.1.3,CF_97220210583,CF_06180320969,3.5537303216974676,-
2015-01-10,2317,2.1.1.4.1.3,CF_00543900310,CF_06180320969,7.534565366187543,-
2015-01-12,714,2.6.2.2.1.0,CF_00236760302,CF_80012710325,0.9664613278576317,-
2015-01-12,2015,2.1.1.4.1.3,CF_80013890324,CF_01884350305,1.1225188227241616,-
2015-01-12,2092,2.1.1.4.2.6,CF_80013890324,CF_00821400322,0.05201916495550993,-
2015-01-12,2224,2.1.1.4.2.6,CF_07613050157,CF_00821400322,1.215605749486653,-
2015-01-13,2613,2.1.1.4.3.0,CF_01207700327,CF_02792450302,2.9596167008898013,-
2015-01-15,963,2.1.1.4.1.13,CF_03348020102,CF_01167510310,7.520876112251882,-
2015-01-15,1797,2.1.1.4.1.3,CF_01477620932,CF_01391460936,2.6091718001368926,-
2015-01-15,3262,2.1.1.4.2.5,CF_80014550307,CF_02767580307,0.2874743326488706,-
2015-01-15,3372,2.1.1.4.2.5,CF_80014550307,CF_02767580307,0.11498973305954825,-
2015-01-16,1787,2.3.1.1.4.0,CF_01011780325,CF_01180530329,0.4353182751540041,-
2015-01-19,2750,2.2.1.5.2.1,CF_01366720934,CF_00167460302,0.6817248459958932,-
2015-02-01,872,2.1.1.4.3.4,CF_80014550307,CF_08411960969,7.474332648870637,-
2015-02-01,2538,2.1.1.4.2.3,CF_01884350305,CF_01391460936,7.474332648870637,-
2015-02-01,2646,2.6.2.2.1.0,CF_80013890324,CF_00124430323,1.0759753593429158,-
2015-02-01,2811,2.6.2.1.1.2,CF_03401390277,CF_80035060328,1.4510609171800137,-
2015-02-01,2980,2.1.1.4.2.3,CF_00167460302,CF_01391460936,1.3552361396303902,-
2015-02-02,82,2.1.1.4.3.1,CF_11269510159,CF_CSTRSN51P43L424I,7.471594798083505,-
2015-02-02,893,2.1.1.4.2.6,CF_00817910284,CF_01079320329,7.471594798083505,-
2015-02-02,1032,2.6.2.2.2.0,CF_80014550307,CF_02665730301,1.4921286789869952,-
2015-02-02,1990,2.1.1.4.1.9,CF_80035060328,CF_01618730996,1.995893223819302,-
2015-02-02,2066,2.6.2.2.2.0,CF_02460420306,CF_02665730301,1.4921286789869952,-
2015-02-02,2100,2.1.1.1.1.2,CF_02536300300,CF_00162990303,7.471594798083505,-
2015-02-02,2215,2.2.1.1.1.1,CF_00397130584,CF_01090520329,7.471594798083505,-
2015-02-02,2502,2.6.2.2.1.0,CF_80014550307,CF_02584950303,0.7419575633127995,-
2015-02-02,2759,2.2.1.1.1.1,CF_01600880932,CF_00141000935,7.471594798083505,-
2015-02-02,2898,2.2.1.1.1.1,CF_80014550307,CF_00167460302,3.8193018480492813,-
2015-02-02,3132,2.2.1.4.1.1,CF_80014550307,CF_00162990303,0.06023271731690623,-
2015-02-02,3189,2.2.1.1.4.1,CF_00279150106,CF_00167460302,0.49007529089664614,-
2015-02-02,3298,2.1.1.4.2.3,CF_00162990303,CF_02195440306,1.4072553045859,-
2015-02-02,3403,2.2.1.6.1.2,CF_00998050322,CF_01507200937,0.23819301848049282,-
2015-02-06,210,2.1.1.4.1.7,CF_00118410323,CF_00046260329,0.9527720739219713,-
2015-02-09,1596,2.6.2.3.2.1,CF_00917620320,CF_04577900287,0.8870636550308009,-
2015-02-09,2363,2.2.1.1.2.0,CF_00167460302,CF_03487840104,7.452429842573579,-
2015-02-09,2555,2.1.1.4.2.5,CF_01607790936,CF_01697470936,1.88911704312115,-
2015-02-16,1148,2.1.1.4.1.3,CF_00218360303,CF_02548050307,0.07392197125256673,-
2015-02-16,2760,2.1.1.5.3.2,CF_07613050157,CF_00543900310,0.049281314168377825,-
2015-02-16,3234,2.2.1.1.1.0,CF_00397130584,CF_00074530932,7.433264887063655,-
2015-02-16,3248,2.2.1.6.1.2,CF_10111831003,CF_01507200937,0.8706365503080082,-
2015-02-16,3652,2.1.1.4.1.3,CF_01278710932,CF_01532950936,0.15331964407939766,-
2015-02-23,2221,2.6.2.3.1.0,CF_80014550307,CF_01261130320,7.41409993155373,-
2015-02-27,1275,2.1.1.4.1.0,CF_02536300300,CF_01132820935,0.5886379192334018,-
2015-03-01,1305,2.3.1.1.1.1,CF_97614340012,CF_00623340932,7.397672826830938,-
2015-03-02,141,2.2.1.7.0.2,CF_80014550307,CF_01633850936,0.243668720054757,-
2015-03-02,327,2.2.1.1.1.1,CF_10162920150,CF_08746280968,7.394934976043806,-
2015-03-02,1311,2.1.1.4.2.6,CF_01754250932,CF_00821400322,0.32854209445585214,-
2015-03-02,1800,2.1.1.5.3.2,CF_02584950303,CF_02349490306,1.08145106091718,-
2015-03-02,1800,2.6.2.2.1.0,CF_02349490306,CF_02584950303,0.9965776865160849,-
2015-03-02,2243,2.2.1.7.0.0,CF_80014550307,CF_00166710301,7.394934976043806,-
2015-03-02,2371,2.6.2.2.3.3,CF_02295440305,CF_03094850231,0.24093086926762491,-
2015-03-02,2629,2.2.1.4.1.1,CF_01750650309,CF_00162990303,7.394934976043806,-
2015-03-02,3111,2.1.1.4.2.6,CF_02355790284,CF_02805560303,0.32854209445585214,-
2015-03-02,3656,2.1.1.2.1.2,CF_01562860302,CF_01799630932,7.394934976043806,-
2015-03-09,962,2.1.1.4.1.4,CF_80014550307,CF_00255390932,0.10677618069815195,-
2015-03-09,1306,2.6.1.2.1.1,CF_94053030303,CF_80035060328,0.010951403148528405,-
2015-03-09,2003,2.1.1.4.2.6,CF_80013890324,CF_00235290327,0.5037645448323066,-
2015-03-16,903,2.6.2.1.2.0,CF_02666840307,CF_80054330586,0.5831622176591376,-
2015-03-16,1393,2.6.2.1.1.2,CF_00218360303,CF_80035060328,3.2087611225188226,-
2015-03-16,1491,2.1.1.4.2.6,CF_00821400322,CF_07613050157,1.0431211498973305,-
2015-03-16,1908,2.1.1.4.1.3,CF_02550980300,CF_01532950936,1.9575633127994525,-
2015-03-18,2593,2.1.1.4.1.11,CF_01507200937,CF_01845990306,7.351129363449692,-
2015-03-23,959,2.2.1.1.1.1,CF_80014550307,CF_01365820115,3.0006844626967832,-
2015-03-23,1796,2.1.1.4.1.17,CF_80014550307,CF_02337550301,2.516084873374401,-
2015-03-23,3194,2.1.1.4.1.7,CF_01837970308,CF_02657820300,0.07939767282683094,-
2015-03-23,3319,2.2.1.7.0.0,CF_01427710304,CF_00166710301,0.9883641341546886,-
2015-03-24,1993,2.1.1.4.1.3,CF_01391460936,CF_02548050307,0.057494866529774126,-
2015-03-25,3524,2.1.1.5.3.2,CF_00976420307,CF_01578960930,0.09856262833675565,-
2015-03-30,3237,2.2.1.1.4.1,CF_00821400322,CF_00065130932,7.318275154004107,-
2015-04-01,364,2.1.1.4.2.3,CF_01391460936,CF_04414700262,3.6659822039698837,-
2015-04-01,851,2.1.1.4.1.17,CF_03160331207,CF_01137150320,7.312799452429843,-
2015-04-01,873,2.2.1.4.3.1,CF_02217760301,CF_92067000346,0.2464065708418891,-
2015-04-01,1242,2.1.1.4.1.9,CF_04577900287,CF_02837000302,7.312799452429843,-
2015-04-01,1485,2.1.1.1.1.2,CF_80013890324,CF_00697920320,0.7501711156741958,-
2015-04-01,2602,2.2.1.6.1.4,CF_00917620320,CF_01090520329,2.1656399726214923,-
2015-04-01,2668,2.1.1.5.1.3,CF_01532950936,CF_90097270327,1.5605749486652978,-
2015-04-01,3262,2.1.1.4.1.17,CF_02767580307,CF_05935090968,7.312799452429843,-
2015-04-01,3594,2.3.1.1.1.2,CF_01246260309,CF_80014550307,0.4161533196440794,-
2015-04-07,1510,2.1.1.4.1.17,CF_01079320329,CF_00543900310,7.29637234770705,-
2015-04-07,2292,2.2.1.4.1.1,CF_00167460302,CF_00284810173,7.29637234770705,-
2015-04-07,2358,2.2.1.4.3.3,CF_01126630936,CF_01056020322,3.802874743326489,-
2015-04-09,2910,2.6.2.3.2.0,CF_02801630308,CF_00124430323,0.3942505133470226,-
2015-04-13,736,2.1.1.2.1.12,CF_80014550307,CF_01137480313,7.279945242984257,-
2015-04-13,1038,2.2.1.1.1.1,CF_07616540964,CF_01824480303,1.9082819986310746,-
2015-04-15,1993,2.1.1.4.2.3,CF_02548050307,CF_01391460936,3.7125256673511293,-
2015-04-20,1259,2.1.1.4.1.17,CF_00065130932,CF_02413520301,7.260780287474333,-
2015-04-20,3661,2.1.1.4.1.17,CF_00162990303,CF_02337550301,1.946611909650924,-
2015-04-21,2485,2.1.1.4.1.8,CF_92067000346,CF_00957890320,7.258042436687201,-
2015-04-27,1407,2.1.1.4.2.3,CF_01507200937,CF_02575170309,0.0027378507871321013,-
2015-04-27,3315,2.1.1.4.3.0,CF_80035060328,CF_01574210934,0.5174537987679672,-
2015-04-28,937,2.2.1.3.0.4,CF_01847860309,CF_00074230939,0.6570841889117043,-
2015-05-01,1803,2.6.2.2.1.0,CF_00623340932,CF_01063450322,0.4161533196440794,-
2015-05-01,2127,2.6.2.3.1.6,CF_00167460302,CF_00074230939,7.230663928815879,-
2015-05-01,2738,2.2.1.1.1.1,CF_01533350938,CF_00141000935,1.9931553730321698,-
2015-05-04,840,2.1.1.4.1.0,CF_02418050304,CF_PCAMSM65S23L483O,0.4928131416837782,-
2015-05-04,1517,2.1.1.4.2.3,CF_00188930309,CF_01836920304,1.2758384668035592,-
2015-05-04,3063,2.2.1.7.0.0,CF_02008340016,CF_00917620320,0.5503080082135524,-
2015-05-04,3488,2.1.1.5.3.2,CF_00918410325,CF_01678570308,0.24093086926762491,-
2015-05-05,617,2.2.1.1.1.1,CF_07616540964,CF_01824480303,3.238877481177276,-
2015-05-05,1871,2.1.1.4.2.3,CF_02052570302,CF_02106520303,0.09856262833675565,-
2015-05-05,2935,2.1.1.4.1.17,CF_80014550307,CF_02337550301,2.9979466119096507,-
2015-05-05,3256,2.1.1.5.1.2,CF_01175280930,CF_01203430325,0.5037645448323066,-
2015-05-05,3354,2.2.2.1.1.1,CF_00917620320,CF_MNSMRC58D19L483U,0.5475701574264202,-
2015-05-06,2967,2.2.2.1.1.0,CF_MCCMRN61H51L424X,CF_BNDNDR60A31L424D,0.5010266940451745,-
2015-05-06,3262,2.1.1.4.2.5,CF_05935090968,CF_02767580307,7.216974674880219,-
2015-05-11,2374,2.2.1.1.1.1,CF_00167460302,CF_00917620320,7.2032854209445585,-
2015-05-11,3111,2.2.1.3.0.0,CF_02805560303,CF_00065130932,7.2032854209445585,-
2015-05-13,2710,2.1.1.5.3.2,CF_80014550307,CF_02575170309,0.8514715947980835,-
2015-05-13,3613,2.1.1.5.2.2,CF_01207700327,CF_00812590305,0.216290212183436,-
2015-05-18,1187,2.2.1.1.1.1,CF_00162990303,CF_07477880962,7.184120465434634,-
2015-05-18,2456,2.2.1.7.0.2,CF_01206850321,CF_04015870969,0.5010266940451745,-
2015-05-18,3615,2.1.1.4.1.17,CF_01534830300,CF_01678570308,7.184120465434634,-
2015-05-19,2351,2.1.1.4.1.17,CF_01864210388,CF_00543900310,0.2190280629705681,-
2015-05-21,3195,2.2.1.6.1.0,CF_02394030304,CF_02089140301,0.3668720054757016,-
2015-05-26,714,2.6.1.1.4.0,CF_80012710325,CF_80011330323,0.34770704996577684,-
2015-05-28,2992,2.3.1.1.1.2,CF_80014550307,CF_02401440157,0.7529089664613279,-
2015-06-01,2106,2.3.1.1.1.1,CF_01063450322,CF_00623340932,3.583846680355921,-
2015-06-01,2107,2.1.1.5.3.0,CF_01194140321,CF_02758300301,7.145790554414784,-
2015-06-01,3006,2.2.1.3.0.3,CF_00397130584,CF_02505450300,0.5831622176591376,-
2015-06-03,1199,2.2.1.7.0.1,CF_00050880319,CF_00397130584,7.14031485284052,-
2015-06-03,1629,2.2.1.4.1.1,CF_00162990303,CF_06031680017,7.14031485284052,-
2015-06-03,1984,2.1.1.4.2.2,CF_01144240320,CF_01836920304,2.4750171115674195,-
2015-06-03,2159,2.2.1.1.2.1,CF_00697920320,CF_00397130584,7.14031485284052,-
2015-06-03,2222,2.3.1.1.1.2,CF_01251340327,CF_00047510326,7.14031485284052,-
2015-06-03,2466,2.2.1.1.1.1,CF_02536300300,CF_00218360303,7.14031485284052,-
2015-06-04,1232,2.2.1.1.2.1,CF_80013890324,CF_01021680325,1.2566735112936345,-
2015-06-04,2144,2.1.1.1.1.2,CF_02451430306,CF_00697920320,0.8240930869267625,-
2015-06-08,2366,2.2.1.1.2.1,CF_00932030323,CF_00397130584,0.06023271731690623,-
2015-06-08,3611,2.1.1.5.4.1,CF_00118410323,CF_00998050322,7.12662559890486,-
2015-06-09,2725,2.2.1.6.1.2,CF_00917620320,CF_00167700301,7.123887748117728,-
2015-06-15,1265,2.2.1.6.1.5,CF_80014550307,CF_00223850306,7.107460643394935,-
2015-06-15,2104,2.2.1.4.1.1,CF_80014550307,CF_00697920320,2.546201232032854,-
2015-06-15,2310,2.2.1.1.1.1,CF_07616540964,CF_06031680017,7.107460643394935,-
2015-06-15,2399,2.2.1.6.1.4,CF_00697920320,CF_00167700301,0.4462696783025325,-
2015-06-18,2531,2.1.1.4.1.11,CF_02662080304,CF_02806730301,0.5284052019164955,-
2015-06-22,1244,2.1.1.4.1.3,CF_06180320969,CF_01278710932,7.08829568788501,-
2015-06-23,3232,2.1.1.4.1.9,CF_02723870305,CF_02413520301,7.085557837097878,-
2015-06-24,1186,2.6.2.1.3.0,CF_00623340932,CF_01063450322,0.2683093771389459,-
2015-06-26,3402,2.1.1.4.1.17,CF_00166710301,CF_00823410303,0.34770704996577684,-
2015-07-01,340,2.2.1.4.1.1,CF_00162990303,CF_00167460302,7.063655030800821,-
2015-07-01,1089,2.6.2.2.1.1,CF_01302970932,CF_80035060328,0.999315537303217,-
2015-07-01,2057,2.2.1.6.1.2,CF_80014550307,CF_00970820304,7.063655030800821,-
2015-07-01,2071,2.2.1.4.3.2,CF_00162990303,CF_00167460302,3.4168377823408624,-
2015-07-01,2285,2.3.1.1.1.2,CF_00821400322,CF_00047510326,4.158795345653662,-
2015-07-01,2435,2.1.1.4.2.1,CF_00161280300,CF_01514450301,2.4777549623545516,-
2015-07-01,2596,2.1.1.4.1.3,CF_80013890324,CF_01391460936,7.063655030800821,-
2015-07-01,2647,2.1.1.4.1.9,CF_01791330309,CF_00306930322,7.063655030800821,-
2015-07-01,3320,2.6.2.3.1.6,CF_01391460936,CF_02401520909,7.063655030800821,-
2015-07-02,787,2.1.1.4.1.4,CF_00848700159,CF_04734890264,0.7474332648870636,-
2015-07-02,2326,2.1.1.4.3.4,CF_01507200937,CF_00442660304,0.2464065708418891,-
2015-07-03,1818,2.2.2.1.1.2,CF_00076940931,CF_00109290320,0.6050650239561944,-
2015-07-06,1573,2.1.1.4.1.17,CF_02413520301,CF_01678570308,7.049965776865161,-
2015-07-06,2482,2.1.1.4.1.11,CF_02536300300,CF_00162990303,7.049965776865161,-
2015-07-06,3372,2.1.1.4.1.1,CF_02767580307,CF_00397130584,7.049965776865161,-
2015-07-08,2050,2.1.1.4.1.6,CF_02602970309,CF_02716590308,7.044490075290897,-
2015-07-14,1271,2.1.1.4.3.3,CF_01238990327,CF_00746150325,0.5749486652977412,-
2015-07-15,1545,2.2.1.4.1.1,CF_02536300300,CF_00162990303,7.025325119780972,-
2015-07-15,2277,2.1.1.4.1.0,CF_07613050157,CF_01147590325,7.025325119780972,-
2015-07-15,3045,2.2.2.1.1.1,CF_94098210308,CF_00916570328,0.5010266940451745,-
2015-07-16,1548,2.3.1.1.1.2,CF_80014550307,CF_00623340932,7.02258726899384,-
2015-07-16,1825,2.2.2.1.1.1,CF_00072300312,CF_01047330327,0.11772758384668036,-
2015-07-16,2043,2.1.1.4.1.9,CF_01133270320,CF_01166360311,7.02258726899384,-
2015-07-16,3340,2.1.1.4.1.9,CF_01133270320,CF_01166360311,0.1697467488021903,-
2015-07-20,2290,2.6.2.1.3.0,CF_80014550307,CF_09971080156,0.405201916495551,-
2015-07-28,2786,2.2.1.6.1.2,CF_00543900310,CF_01166360311,0.33401779603011633,-
2015-07-31,1926,2.2.1.4.1.1,CF_03711600266,CF_01838180303,3.080082135523614,-
2015-08-01,734,2.2.1.6.1.2,CF_01735600304,CF_00167700301,2.2778918548939084,-
2015-08-01,1768,2.1.1.4.1.17,CF_02390970305,CF_13278551000,0.33127994524298426,-
2015-08-03,1112,2.1.1.4.1.0,CF_00806630323,CF_01251210322,6.973305954825462,-
2015-08-03,1709,2.2.1.4.1.1,CF_02705290308,CF_02299200309,1.9082819986310746,-
2015-08-03,2070,2.1.1.4.1.17,CF_01749420939,CF_01884350305,3.154004106776181,-
2015-08-03,2840,2.3.1.1.1.4,CF_01391460936,CF_01150670311,0.4079397672826831,-
2015-08-03,3629,2.1.1.4.1.17,CF_02455280301,CF_01957990300,2.327173169062286,-
2015-08-10,2326,2.1.1.5.1.3,CF_00442660304,CF_06180320969,6.954140999315538,-
2015-08-10,3563,2.1.1.4.3.4,CF_02805560303,CF_01034950319,0.057494866529774126,-
2015-08-24,1169,2.6.2.3.2.0,CF_80014550307,CF_01138620313,6.915811088295688,-
2015-08-24,1719,2.1.1.4.1.9,CF_00065130932,CF_04337640280,6.915811088295688,-
2015-08-24,2331,2.2.1.4.1.1,CF_02817090307,CF_07477880962,6.915811088295688,-
2015-08-24,3242,2.2.1.7.0.1,CF_00821400322,CF_00930530324,0.5010266940451745,-
2015-08-26,3334,2.2.1.1.1.1,CF_00167460302,CF_00141000935,1.6919917864476386,-
2015-08-31,3459,2.1.1.4.1.2,CF_01116970938,CF_00397130584,0.24914442162902123,-
2015-09-01,1435,2.1.1.1.1.2,CF_80014550307,CF_00697920320,2.9979466119096507,-
2015-09-01,2085,2.1.1.4.2.5,CF_02505450300,CF_03711600266,3.540041067761807,-
2015-09-01,2183,2.1.1.1.1.2,CF_00166710301,CF_00697920320,0.999315537303217,-
2015-09-01,2230,2.1.1.4.1.17,CF_02284230303,CF_00284810173,6.893908281998631,-
2015-09-01,2283,2.2.1.4.1.1,CF_00744320326,CF_03225090962,3.887748117727584,-
2015-09-01,2352,2.6.2.3.2.0,CF_00821400322,CF_01138620313,6.893908281998631,-
2015-09-01,2544,2.2.1.6.1.1,CF_01578130930,CF_02295440305,0.5448323066392882,-
2015-09-01,2959,2.6.2.1.2.1,CF_01692760307,CF_80035060328,0.49555099247091033,-
2015-09-01,3176,2.1.1.5.3.2,CF_00118410323,CF_01157830314,0.2464065708418891,-
2015-09-01,3330,2.2.1.5.2.1,CF_00697920320,CF_00167460302,1.8480492813141685,-
2015-09-01,3563,2.1.1.4.3.4,CF_01034950319,CF_01163460312,0.07939767282683094,-
2015-09-03,2248,2.6.2.1.2.1,CF_80014550307,CF_80035060328,0.8240930869267625,-
2015-09-07,1496,2.2.1.4.3.3,CF_03639760267,CF_01056020322,6.877481177275839,-
2015-09-07,1782,2.2.1.4.1.1,CF_01618730996,CF_00065130932,4.254620123203286,-
2015-09-07,1969,2.1.1.4.3.4,CF_01169400320,CF_00527970313,6.877481177275839,-
2015-09-07,2614,2.1.1.4.1.11,CF_00976420307,CF_01607790936,0.7693360711841205,-
2015-09-07,2949,2.2.1.6.1.4,CF_00821400322,CF_FLRRRT78T61L424W,0.49555099247091033,-
2015-09-07,3678,2.1.1.4.1.3,CF_00118410323,CF_01391460936,0.49555099247091033,-
2015-09-08,3538,2.1.1.4.1.2,CF_02051430300,CF_02550980300,6.874743326488707,-
2015-09-09,2531,2.1.1.4.2.3,CF_02806730301,CF_01123830323,3.6167008898015056,-
2015-09-14,1512,2.1.1.4.1.17,CF_00284810173,CF_00543900310,6.8583162217659135,-
2015-09-14,1863,2.2.1.6.1.2,CF_02393640301,CF_00930530324,6.8583162217659135,-
2015-09-14,3308,2.1.1.4.1.17,CF_02657820300,CF_01118200300,6.8583162217659135,-
2015-09-14,3497,2.2.1.1.1.1,CF_00161280300,CF_00284810173,6.8583162217659135,-
2015-09-15,1184,2.1.1.4.1.17,CF_01667310930,CF_01604580934,0.9664613278576317,-
2015-09-15,2342,2.1.1.4.2.3,CF_02511570307,CF_01391460936,6.855578370978781,-
2015-09-15,2427,2.2.1.4.1.1,CF_02600530303,CF_01067780328,0.5065023956194388,-
2015-09-16,1318,2.1.1.2.1.12,CF_02741020305,CF_00623340932,3.2580424366872007,-
2015-09-16,1803,2.3.1.1.1.1,CF_01063450322,CF_00623340932,6.852840520191649,-
2015-09-16,2044,2.3.1.1.1.2,CF_80013890324,CF_00623340932,3.060917180013689,-
2015-09-18,3654,2.1.1.4.1.17,CF_01791330309,CF_00161280300,0.5147159479808351,-
2015-09-21,555,2.1.1.4.1.9,CF_02337320309,CF_00161280300,0.2546201232032854,-
2015-09-28,3340,2.1.1.4.1.0,CF_01166360311,CF_01635250226,2.1738535249828885,-
2015-09-30,3260,2.6.2.3.1.5,CF_00848700100,CF_01082040310,1.5003422313483916,-
2015-10-01,708,2.3.1.1.1.1,CF_80054330586,CF_00124430323,0.999315537303217,-
2015-10-01,897,2.1.1.4.1.17,CF_03932470010,CF_01678570308,3.578370978781656,-
2015-10-01,1282,2.1.1.4.1.9,CF_00397130584,CF_02359830300,1.2511978097193703,-
2015-10-01,1995,2.1.1.4.2.5,CF_80014550307,CF_02511570307,6.811772758384668,-
2015-10-01,2061,2.6.2.1.2.1,CF_80014550307,CF_80035060328,1.998631074606434,-
2015-10-01,2490,2.1.1.4.1.0,CF_01884350305,CF_01635250226,6.811772758384668,-
2015-10-01,2509,2.6.2.1.2.1,CF_80005090107,CF_80035060328,1.998631074606434,-
2015-10-01,3460,2.1.1.4.3.1,CF_00167460302,CF_05935090968,0.23819301848049282,-
2015-10-02,2514,2.1.1.4.1.17,CF_80014550307,CF_02690660309,0.2464065708418891,-
2015-10-05,807,2.1.1.4.1.3,CF_02451430306,CF_01169250311,3.802874743326489,-
2015-10-05,1888,2.1.1.4.1.3,CF_02451430306,CF_01169250311,6.80082135523614,-
2015-10-05,2085,2.1.1.6.1.4,CF_03711600266,CF_01751660935,0.47091033538672145,-
2015-10-05,2144,2.1.1.4.1.3,CF_00697920320,CF_01169250311,6.80082135523614,-
2015-10-05,2833,2.1.1.4.1.3,CF_91043880938,CF_01169250311,2.1437371663244353,-
2015-10-05,3033,2.2.1.6.1.2,CF_90030720321,CF_00167460302,6.80082135523614,-
2015-10-07,2399,2.1.1.4.1.17,CF_00167700301,CF_02587700309,0.6899383983572895,-
2015-10-08,2043,2.2.1.1.1.1,CF_01166360311,CF_00167460302,0.2299794661190965,-
2015-10-12,1971,2.3.1.1.4.1,CF_01063450322,CF_00605750215,1.9685147159479808,-
2015-10-12,2328,2.1.1.4.1.3,CF_02451430306,CF_01169250311,3.0965092402464065,-
2015-10-13,1164,2.1.1.4.1.11,CF_00373660315,CF_01091630317,2.631074606433949,-
2015-10-14,1124,2.1.1.4.1.9,CF_00162990303,CF_00161280300,1.8069815195071868,-
2015-10-14,2028,2.2.1.7.0.1,CF_80014550307,CF_01507200937,6.776180698151951,-
2015-10-15,1443,2.2.1.4.3.2,CF_01847860309,CF_00306930322,6.7734428473648185,-
2015-10-15,2303,2.1.1.4.2.3,CF_BCHMSM65H30L424X,CF_00879420321,6.7734428473648185,-
2015-10-16,2234,2.1.1.2.1.3,CF_00167460302,CF_00623340932,6.770704996577686,-
2015-10-19,2488,2.2.1.4.1.1,CF_01507200937,CF_01618730996,1.5249828884325805,-
2015-10-19,2931,2.1.1.4.2.3,CF_01207700327,CF_00055180327,0.24914442162902123,-
2015-10-21,3572,2.1.1.4.3.2,CF_01672000930,CF_02555040308,0.1943874058863792,-
2015-10-22,806,2.1.1.3.2.2,CF_02545900108,CF_00482060316,2.108145106091718,-
2015-10-23,1752,2.6.2.1.2.2,CF_02758990309,CF_80035060328,0.5201916495550992,-
2015-10-26,1037,2.1.1.4.1.17,CF_02451430306,CF_02716590308,1.7631759069130732,-
2015-10-26,2878,2.1.1.4.1.2,CF_06031680017,CF_02454011202,2.4503764544832305,-
2015-10-26,3386,2.1.1.4.1.3,CF_02118550306,CF_01836920304,0.16153319644079397,-
2015-10-27,3627,2.1.1.4.1.0,CF_01680840939,CF_01252320930,6.740588637919234,-
2015-11-01,994,2.6.1.1.2.1,CF_00167460302,CF_80035060328,0.999315537303217,-
2015-11-01,2000,2.6.2.2.1.1,CF_01066650316,CF_80035060328,2.272416153319644,-
2015-11-01,2524,2.2.1.3.0.1,CF_01207700327,CF_00065130932,6.7268993839835725,-
2015-11-01,3411,2.2.1.6.1.1,CF_02156920304,CF_00158530303,3.2908966461327855,-
2015-11-02,1357,2.2.1.1.1.1,CF_02505450300,CF_00141000935,1.8288843258042438,-
2015-11-02,2742,2.2.1.6.1.2,CF_00167460302,CF_00167700301,0.4928131416837782,-
2015-11-02,2795,2.6.2.1.1.6,CF_00955410329,CF_01310580301,6.72416153319644,-
2015-11-02,2830,2.2.1.1.1.1,CF_01276250931,CF_00167460302,0.2464065708418891,-
2015-11-02,3225,2.1.1.6.1.4,CF_03505490262,CF_02559330309,0.5229295003422314,-
2015-11-02,3409,2.2.1.7.0.0,CF_01207700327,CF_00167460302,1.136208076659822,-
2015-11-04,597,2.1.1.2.1.1,CF_80013890324,CF_01523580304,6.718685831622176,-
2015-11-04,840,2.1.1.4.1.0,CF_PCAMSM65S23L483O,CF_02853700306,6.718685831622176,-
2015-11-04,1603,2.1.1.4.1.17,CF_00697920320,CF_01635250226,6.718685831622176,-
2015-11-04,3398,2.2.1.4.1.1,CF_02536300300,CF_00161280300,2.31895961670089,-
2015-11-04,3524,2.2.1.1.2.1,CF_01578960930,CF_00397130584,6.718685831622176,-
2015-11-09,3106,2.6.2.3.1.6,CF_00167460302,CF_02629720307,1.8069815195071868,-
2015-11-09,3325,2.2.1.5.2.1,CF_01182060325,CF_07477880962,0.10677618069815195,-
2015-11-09,3561,2.2.1.1.1.1,CF_00161280300,CF_00284810173,6.704996577686516,-
2015-11-16,1896,2.1.1.4.1.11,CF_00543900310,CF_00928190503,2.329911019849418,-
2015-11-16,2121,2.6.2.1.3.0,CF_00906270327,CF_07785990156,6.685831622176591,-
2015-11-16,2370,2.1.1.4.2.3,CF_00543900310,CF_01391460936,3.1238877481177276,-
2015-11-19,740,2.6.2.1.2.3,CF_04407320284,CF_01847860309,2.088980150581793,-
2015-11-19,1127,2.1.1.4.2.6,CF_00161280300,CF_02195440306,1.4483230663928817,-
2015-11-22,1998,2.2.1.6.1.2,CF_00268100302,CF_00167700301,3.1074606433949348,-
2015-11-23,1354,2.2.1.2.1.1,CF_80014550307,CF_00166710301,6.666666666666667,-
2015-11-25,3417,2.2.1.6.1.3,CF_00821400322,CF_01133270320,0.33127994524298426,-
2015-11-30,1370,2.2.1.4.1.1,CF_80013890324,CF_00623340932,1.754962354551677,-
2015-12-01,621,2.1.1.4.2.3,CF_01836920304,CF_04124050966,6.6447638603696095,-
2015-12-01,902,2.1.1.4.2.6,CF_02195440306,CF_03094850231,2.754277891854894,-
2015-12-01,1468,2.2.1.1.1.1,CF_00167460302,CF_01681610935,6.6447638603696095,-
2015-12-01,1527,2.1.1.4.1.11,CF_03711600266,CF_00944020320,6.6447638603696095,-
2015-12-01,1811,2.2.1.6.1.2,CF_01507200937,CF_00167460302,6.6447638603696095,-
2015-12-01,1932,2.1.1.4.1.17,CF_10111831003,CF_00401990585,6.6447638603696095,-
2015-12-01,3402,2.2.1.7.0.0,CF_00823410303,CF_00167460302,2.8501026694045173,-
2015-12-02,1299,2.1.1.4.1.0,CF_01172520320,CF_01748940937,6.6420260095824775,-
2015-12-02,2095,2.1.1.5.3.2,CF_00817910284,CF_01079320329,3.2032854209445585,-
2015-12-04,957,2.1.1.4.3.4,CF_00161280300,CF_09826481005,0.013689253935660506,-
2015-12-09,3254,2.2.1.4.1.1,CF_00093320323,CF_06031680017,6.622861054072553,-
2015-12-10,3373,2.2.1.1.1.0,CF_03335340166,CF_00141000935,6.620123203285421,-
2015-12-14,1697,2.1.1.4.1.17,CF_00998050322,CF_08721210964,6.609171800136893,-
2015-12-15,919,2.1.1.4.2.3,CF_01532250931,CF_00218360303,6.606433949349761,-
2015-12-15,3470,2.1.1.1.1.2,CF_00452490303,CF_00697920320,0.49828884325804246,-
2015-12-15,3505,2.2.1.3.0.4,CF_00167460302,CF_00218360303,0.999315537303217,-
2015-12-17,2246,2.1.1.4.1.17,CF_01169250311,CF_02786080305,2.521560574948665,-
2015-12-18,2903,2.2.1.1.1.1,CF_00167460302,CF_01009070325,0.49828884325804246,-
2015-12-21,1069,2.3.1.1.1.1,CF_05165060962,CF_00047510326,6.590006844626968,-
2015-12-21,1857,2.1.1.4.3.4,CF_00387360936,CF_02754500300,6.590006844626968,-
2015-12-22,85,2.2.1.6.1.2,CF_91022010937,CF_02472780309,6.587268993839836,-
2015-12-22,3513,2.1.1.5.3.2,CF_02550190306,CF_02836690301,6.587268993839836,-
2015-12-24,3367,2.1.1.4.2.3,CF_00065130932,CF_01391460936,6.581793292265571,-
2015-12-28,455,2.1.1.5.3.2,CF_02494780303,CF_01157830314,0.999315537303217,-
2015-12-28,919,2.6.2.1.1.5,CF_00218360303,CF_01532250931,2.2505133470225873,-
2015-12-28,3572,2.1.1.4.3.4,CF_02555040308,CF_08411960969,2.028747433264887,-
2015-12-29,2531,2.1.1.4.1.11,CF_01123830323,CF_02806730301,3.753593429158111,-
2015-12-29,3385,2.6.2.2.3.0,CF_00697920320,CF_02470470309,2.9842573579739904,-
2015-12-30,1590,2.1.1.4.2.2,CF_02562580304,CF_02602970309,6.565366187542779,-
2015-12-30,3307,2.1.1.4.3.4,CF_01203430325,CF_09299620964,6.565366187542779,-
2015-12-30,3460,2.1.1.4.3.1,CF_05935090968,CF_09299620964,6.565366187542779,-
2015-12-30,3641,2.1.1.4.3.0,CF_01207700327,CF_02788830301,1.998631074606434,-
2015-12-30,3646,2.1.1.4.3.0,CF_01207700327,CF_02788830301,1.998631074606434,-
