from,to,weight,LOC,NACE_group,PG
1,114,4.550308008213553,PORDENONE,OTH,MAN
2,144,0.02737850787132101,UDINE,MAN,MAN
3,251,0.5366187542778919,PORDENONE,MAN,BIO
4,144,0.75564681724846,TRIESTE,MAN,MAN
5,66,0.4928131416837782,UDINE,MAN,MAN
6,66,0.405201916495551,UDINE,MAN,PCM
7,709,1.9301848049281312,TRIESTE,MAN,ENG
8,59,0.9965776865160848,TRIESTE,MAN,MAN
9,59,0.16700889801505817,TRIESTE,MAN,PCM
10,59,2.0616016427104724,TRIESTE,MAN,MAN
11,59,5,TRIESTE,MAN,MAN
12,59,2.702258726899384,TRIESTE,MAN,MAN
13,542,0.35592060232717315,MANIAGO,MAN,PCM
14,494,0.3394934976043806,GORIZIA,MAN,PCM
15,542,2.3874058863791925,MANIAGO,MAN,MAN
16,270,2.844626967830253,UDINE,MAN,PCM
17,270,2.3655030800821355,UDINE,MAN,UNI
8,710,0.9965776865160848,PORDENONE,MAN,BIO
18,711,3.077344284736482,GORIZIA,MAN,BIO
19,350,1.8535249828884328,Mountain,MAN,MAN
20,425,0.2518822724161533,UDINE,MAN,ARC
5,90,0.4161533196440794,TRIESTE,MAN,UNI
21,712,0.6351813826146475,UDINE,MAN,PCM
22,286,0.24914442162902123,PORDENONE,MAN,PCM
23,286,1.218343600273785,PORDENONE,MAN,PCM
24,713,1.7631759069130732,UDINE,MAN,MAN
25,126,0.7392197125256673,UDINE,MAN,MAN
26,714,5,Mountain,MAN,MAN
27,713,1.103353867214237,UDINE,MAN,ENG
28,126,1.4127310061601643,UDINE,MAN,MAN
18,126,1.2813141683778233,UDINE,MAN,MAN
5,715,1.4921286789869952,UDINE,MAN,PCM
29,398,0.05749486652977412,MANIAGO,MAN,MAN
30,716,4.076659822039699,GORIZIA,MAN,MAN
27,444,0.17796030116358658,MONFALCONE,MAN,PCM
18,444,1.7385352498288844,MONFALCONE,MAN,PCM
31,717,2.433949349760438,Coast,PHA,PCM
32,545,3.345653661875428,UDINE,PHA,PCM
8,717,0.31759069130732376,Coast,PHA,PCM
33,717,2.3655030800821355,Coast,PHA,PCM
8,717,1.352498288843258,Coast,PHA,UNI
34,717,2.425735797399042,Coast,PHA,PCM
35,11,1.9685147159479808,GORIZIA,PHA,MAN
36,545,0.216290212183436,UDINE,PHA,PCM
37,718,0.5010266940451745,GORIZIA,PHA,ENG
5,719,0.999315537303217,TRIESTE,PHA,MAN
38,719,2.809034907597536,TRIESTE,PHA,BIO
39,719,0.2737850787132101,TRIESTE,PHA,BIO
17,719,1.9301848049281312,TRIESTE,PHA,UNI
40,569,0.6570841889117043,TRIESTE,PHA,UNI
41,719,2.926762491444216,TRIESTE,PHA,BIO
42,719,0.7885010266940452,TRIESTE,PHA,BIO
43,719,4.996577686516085,TRIESTE,PHA,BIO
44,719,0.15331964407939766,TRIESTE,PHA,ENG
45,719,0.33401779603011633,TRIESTE,PHA,BIO
46,33,2.21492128678987,TRIESTE,PHA,UNI
47,33,3.2142368240930868,TRIESTE,PHA,MAN
48,720,1.8726899383983573,TRIESTE,PHA,PCM
49,33,1.026694045174538,TRIESTE,PHA,ENG
50,569,0.4134154688569473,TRIESTE,PHA,UNI
51,72,0.07665982203969883,Coast,MMP,UNI
27,393,1.3607118412046544,Mountain,MMP,MAN
52,721,0.1943874058863792,Coast,MMP,MAN
53,722,0.8350444900752909,GORIZIA,MMP,ENG
5,723,0.4161533196440794,GORIZIA,MMP,ENG
18,723,3.8193018480492817,GORIZIA,MMP,ENG
54,47,0.0109514031485284,GORIZIA,MMP,MAN
8,262,0.2600958247775496,PORDENONE,MMP,PCM
55,264,1.9055441478439423,PORDENONE,MMP,ENG
56,724,0.30116358658453113,PORDENONE,MMP,ENG
57,264,0.2464065708418891,PORDENONE,MMP,ENG
22,264,2.9979466119096507,PORDENONE,MMP,MAN
58,15,1.2566735112936345,PORDENONE,MMP,MAN
59,15,2.0643394934976045,PORDENONE,MMP,MAN
18,15,1.7768651608487338,PORDENONE,MMP,ENG
12,15,0.49555099247091033,PORDENONE,MMP,ENG
60,725,1.7385352498288844,PORDENONE,MMP,MAN
58,433,0.9911019849418208,PORDENONE,MMP,MAN
61,244,1.8151950718685832,UDINE,MMP,ENG
62,37,5,UDINE,MMP,ENG
63,244,1.5770020533880904,UDINE,MMP,ENG
18,37,1.3305954825462012,UDINE,MMP,ENG
18,37,1.0431211498973303,UDINE,MMP,ENG
64,726,2.8281998631074607,UDINE,MMP,MAN
65,244,1.1663244353182751,UDINE,MMP,ENG
18,573,3.980835044490075,TRIESTE,MMP,ENG
66,244,0.04380561259411362,UDINE,MMP,BIO
67,37,2.236824093086927,UDINE,MMP,ENG
27,573,1.1991786447638604,TRIESTE,MMP,MAN
68,244,0.9965776865160848,UDINE,MMP,ENG
69,244,0.49007529089664614,UDINE,MMP,ARC
70,37,0.10403832991101986,UDINE,MMP,ENG
53,37,0.8350444900752909,UDINE,MMP,ENG
18,37,0.5366187542778919,UDINE,MMP,ENG
71,244,1.9082819986310744,UDINE,MMP,ENG
70,244,5,UDINE,MMP,ENG
12,37,0.9117043121149896,UDINE,MMP,MAN
72,244,0.2026009582477755,UDINE,MMP,ENG
73,727,3.512662559890486,PORDENONE,MMP,MAN
27,728,1.596167008898015,UDINE,MMP,BIO
74,729,1.0978781656399723,Mountain,MMP,ENG
75,526,0.15879534565366188,UDINE,MMP,MAN
76,729,3.4277891854893907,Mountain,MMP,ENG
77,206,0.969199178644764,MANIAGO,MMP,MAN
78,730,1.672826830937714,UDINE,MMP,ENG
79,261,1.757700205338809,PORDENONE,MMP,ENG
80,731,0.4161533196440794,Mountain,MMP,MAN
81,732,5,UDINE,MAN,MAN
82,183,0.5010266940451745,UDINE,MAN,ENG
27,228,0.4161533196440794,GORIZIA,MAN,ENG
8,185,0.29568788501026694,MONFALCONE,MAN,ENG
5,733,1.7960301163586585,GORIZIA,MAN,ENG
83,228,3.5592060232717317,GORIZIA,MAN,ENG
84,734,0.04654346338124572,MONFALCONE,MAN,MAN
85,608,0.2327173169062286,PORDENONE,MAN,MAN
5,185,5,PORDENONE,MAN,MAN
27,84,2.54072553045859,MONFALCONE,MAN,MAN
86,228,3.471594798083504,GORIZIA,MAN,ENG
87,735,2.324435318275154,UDINE,MAN,ENG
82,183,0.5010266940451745,UDINE,MAN,ENG
88,229,3.425051334702258,UDINE,MAN,MAN
89,736,0.9965776865160848,PORDENONE,MAN,MAN
90,432,4.210814510609172,PORDENONE,MAN,ENG
91,85,0.49828884325804246,MONFALCONE,MAN,ENG
92,85,1.7960301163586585,MONFALCONE,MAN,ENG
27,85,0.49555099247091033,MONFALCONE,MAN,ENG
18,85,1.538672142368241,MONFALCONE,MAN,ENG
40,330,1.623545516769336,Mountain,MAN,ENG
93,85,0.5859000684462696,MONFALCONE,MAN,ENG
27,85,5,MONFALCONE,MAN,ENG
18,85,2.830937713894593,MONFALCONE,MAN,ENG
58,85,3.425051334702258,MONFALCONE,MAN,ENG
94,85,2.830937713894593,MONFALCONE,MAN,ENG
95,85,5,MONFALCONE,MAN,MAN
18,85,0.216290212183436,MONFALCONE,MAN,ENG
96,330,3.1786447638603694,Mountain,MAN,MAN
97,737,0.7665982203969883,Mountain,MAN,PCM
57,738,0.9965776865160848,UDINE,MAN,MAN
98,74,0.3750855578370979,MANIAGO,MAN,ENG
37,74,1.0978781656399723,MANIAGO,MAN,ENG
99,74,1.845311430527036,MANIAGO,MAN,ENG
40,738,2.7104722792607805,UDINE,MAN,MAN
100,74,1.2210814510609171,MANIAGO,MAN,ENG
37,74,1.0978781656399723,MANIAGO,MAN,ENG
18,739,1.2566735112936345,Mountain,MAN,ENG
8,74,1.5578370978781657,MANIAGO,MAN,ENG
27,74,5,MANIAGO,MAN,ENG
101,740,2.6776180698151952,GORIZIA,MAN,MAN
102,741,0.5913757700205339,MONFALCONE,MAN,MAN
103,742,0.49555099247091033,MONFALCONE,MAN,ENG
104,110,3.299110198494182,MONFALCONE,MAN,MAN
105,74,5,MANIAGO,MAN,ENG
106,743,1.596167008898015,UDINE,MAN,MAN
107,744,0.03011635865845311,PORDENONE,MAN,MAN
68,591,1.5852156057494866,PORDENONE,MAN,ENG
108,745,1.995893223819302,UDINE,MAN,MAN
109,132,2.299794661190965,PORDENONE,MAN,PCM
110,746,2.329911019849418,MONFALCONE,MAN,MAN
22,154,0.6872005475701575,UDINE,MAN,MAN
18,116,0.24914442162902123,UDINE,MAN,ENG
111,747,3.345653661875428,UDINE,MAN,MAN
18,116,0.24914442162902123,UDINE,MAN,ENG
112,587,3.463381245722108,Coast,MAN,MAN
91,748,5,PORDENONE,MAN,ENG
113,749,0.4188911704312115,MONFALCONE,MAN,ENG
114,319,1.1772758384668036,Mountain,MAN,MAN
115,319,2.0752908966461328,Mountain,MAN,MAN
116,319,0.14510609171800137,Mountain,MAN,MAN
117,235,0.05475701574264202,PORDENONE,MAN,ENG
18,235,1.6919917864476386,PORDENONE,MAN,ENG
118,235,1.828884325804244,PORDENONE,MAN,ENG
27,43,5,UDINE,MAN,MAN
119,750,0.8295687885010267,MONFALCONE,MAN,ENG
120,525,4.05201916495551,GORIZIA,MAN,ENG
7,115,0.49007529089664614,UDINE,MAN,ENG
58,124,2.5598904859685145,Mountain,MAN,ENG
121,115,0.813141683778234,UDINE,MAN,ENG
122,115,3.2334017796030117,UDINE,MAN,ENG
94,115,2.2559890485968515,UDINE,MAN,ENG
123,124,1.3333333333333333,Mountain,MAN,PCM
124,751,1.9794661190965093,Mountain,MAN,ENG
27,115,0.4928131416837782,UDINE,MAN,MAN
125,124,3.67419575633128,Mountain,MAN,ENG
126,115,1.949349760438056,UDINE,MAN,MAN
127,752,1.336071184120465,UDINE,MAN,MAN
128,753,0.243668720054757,PORDENONE,MAN,MAN
129,753,0.5010266940451745,PORDENONE,MAN,ENG
130,754,0.16427104722792607,TRIESTE,MAN,ENG
131,73,3.6358658453114305,TRIESTE,MAN,ENG
5,73,1.3305954825462012,TRIESTE,MAN,ENG
132,148,1.828884325804244,UDINE,MAN,ENG
133,148,4.32580424366872,UDINE,MAN,UNI
134,73,0.9965776865160848,TRIESTE,MAN,ENG
5,135,0.9965776865160848,TRIESTE,MAN,ENG
135,73,4.093086926762491,TRIESTE,MAN,ENG
8,73,0.33127994524298426,TRIESTE,MAN,ENG
134,73,4.306639288158795,TRIESTE,MAN,ENG
7,135,0.9883641341546886,TRIESTE,MAN,ENG
136,148,1.9685147159479808,UDINE,MAN,ENG
24,135,5,TRIESTE,MAN,ENG
22,148,0.49555099247091033,UDINE,MAN,ENG
137,135,2.844626967830253,TRIESTE,MAN,ENG
138,148,1.672826830937714,UDINE,MAN,UNI
40,73,3.345653661875428,TRIESTE,MAN,ENG
139,135,1.8069815195071868,TRIESTE,MAN,MAN
18,73,2.3436002737850785,TRIESTE,MAN,ENG
140,148,0.9965776865160848,UDINE,MAN,UNI
141,135,4.076659822039699,TRIESTE,MAN,ENG
142,755,1.1225188227241616,Coast,MAN,ENG
68,756,0.3750855578370979,TRIESTE,MAN,PCM
18,757,2.598220396988364,UDINE,MAN,ENG
123,339,4.172484599589322,UDINE,MAN,PCM
96,108,0.9965776865160848,TRIESTE,MAN,ENG
5,429,1.2922655715263518,UDINE,MAN,UNI
143,429,1.3935660506502396,UDINE,MAN,ENG
134,429,0.5010266940451745,UDINE,MAN,FAR
144,429,0.49828884325804246,UDINE,MAN,MAN
145,758,2.4476386036960984,TRIESTE,MAN,UNI
91,94,1.9876796714579057,MONFALCONE,MAN,ENG
94,759,3.540041067761807,UDINE,MAN,MAN
146,214,0.9965776865160848,PORDENONE,MAN,ENG
134,565,2.9952087611225187,GORIZIA,MAN,ENG
147,565,0.3066392881587953,GORIZIA,MAN,ENG
41,566,1.757700205338809,Mountain,MAN,ENG
148,566,2.7433264887063653,Mountain,MAN,MAN
149,89,3.3292265571526354,PORDENONE,MAN,MAN
49,89,1.8726899383983573,PORDENONE,MAN,ENG
74,89,2.595482546201232,PORDENONE,MAN,MAN
150,58,0.4188911704312115,PORDENONE,MAN,ENG
151,58,0.4928131416837782,PORDENONE,MAN,ENG
152,58,1.426420260095825,PORDENONE,MAN,ENG
49,58,1.897330595482546,PORDENONE,MAN,ENG
153,58,0.999315537303217,PORDENONE,MAN,ENG
18,58,1.596167008898015,PORDENONE,MAN,ENG
154,58,0.6872005475701575,PORDENONE,MAN,ENG
18,58,2.754277891854894,PORDENONE,MAN,ENG
18,58,1.056810403832991,PORDENONE,MAN,ENG
123,58,1.1827515400410678,PORDENONE,MAN,ENG
155,58,1.3880903490759753,PORDENONE,MAN,ENG
156,58,3.6358658453114305,PORDENONE,MAN,ENG
157,58,1.626283367556468,PORDENONE,MAN,ENG
49,58,1.2210814510609171,PORDENONE,MAN,ENG
158,58,0.36960985626283366,PORDENONE,MAN,ENG
159,58,0.4271047227926078,PORDENONE,MAN,ENG
49,58,0.49828884325804246,PORDENONE,MAN,ENG
160,58,0.09582477754962354,PORDENONE,MAN,ENG
8,58,1.4510609171800135,PORDENONE,MAN,ENG
141,58,1.9685147159479808,PORDENONE,MAN,ENG
18,58,1.426420260095825,PORDENONE,MAN,ENG
22,58,3.2881587953456535,PORDENONE,MAN,ENG
18,58,0.4544832306639288,PORDENONE,MAN,ENG
27,58,0.9883641341546886,PORDENONE,MAN,ENG
161,58,0.7091033538672142,PORDENONE,MAN,ENG
134,58,1.336071184120465,PORDENONE,MAN,ENG
162,58,0.49007529089664614,PORDENONE,MAN,ENG
163,58,1.2566735112936345,PORDENONE,MAN,ENG
164,58,3.1786447638603694,PORDENONE,MAN,ENG
165,58,2.0643394934976045,PORDENONE,MAN,ENG
18,58,3.425051334702258,PORDENONE,MAN,ENG
27,58,2.0424366872005475,PORDENONE,MAN,ENG
166,58,0.48186173853524983,PORDENONE,MAN,ENG
167,760,0.5968514715947981,PORDENONE,MAN,ENG
168,754,4.5338809034907595,TRIESTE,MAN,MAN
126,754,0.24093086926762491,TRIESTE,MAN,MAN
169,754,0.813141683778234,TRIESTE,MAN,MAN
170,157,5,PORDENONE,MAN,MAN
171,761,0.49828884325804246,MONFALCONE,MAN,ENG
172,754,3.0965092402464065,TRIESTE,MAN,ENG
173,762,0.33401779603011633,PORDENONE,MAN,MAN
124,157,1.779603011635866,PORDENONE,MAN,ENG
174,232,0.4928131416837782,UDINE,MAN,ARC
175,594,0.9774127310061602,MONFALCONE,MAN,ENG
176,218,0.3258042436687201,TRIESTE,MAN,PCM
58,218,0.7392197125256673,TRIESTE,MAN,PCM
27,218,0.188911704312115,TRIESTE,MAN,PCM
27,218,1.3333333333333333,TRIESTE,MAN,ENG
7,218,0.922655715263518,TRIESTE,MAN,ENG
91,218,0.6242299794661191,TRIESTE,MAN,ENG
18,218,1.429158110882957,TRIESTE,MAN,ENG
8,218,0.29842573579739906,TRIESTE,MAN,ENG
177,218,0.32854209445585214,TRIESTE,MAN,ENG
176,218,0.3258042436687201,TRIESTE,MAN,PCM
134,218,0.4654346338124572,TRIESTE,MAN,ENG
58,218,0.7392197125256673,TRIESTE,MAN,PCM
8,218,0.16427104722792607,TRIESTE,MAN,NAV
178,218,0.432580424366872,TRIESTE,MAN,NAV
179,218,0.12046543463381246,TRIESTE,MAN,ENG
180,763,0.02190280629705681,TRIESTE,MAN,ENG
27,764,1.6153319644079398,MANIAGO,MAN,ENG
181,765,1.212867898699521,UDINE,MAN,ENG
182,765,0.15331964407939766,UDINE,MAN,ENG
183,86,3.36208076659822,UDINE,MAN,ENG
10,86,3.3867214236824092,UDINE,MAN,ENG
184,86,0.19164955509924708,UDINE,MAN,ENG
18,86,0.6652977412731006,UDINE,MAN,ENG
5,86,1.8124572210814511,UDINE,MAN,ENG
185,137,0.6242299794661191,MONFALCONE,MAN,NAV
8,86,0.6269678302532512,UDINE,MAN,ENG
121,86,2.184804928131417,UDINE,MAN,ENG
58,86,2.1409993155373033,UDINE,MAN,ENG
41,137,2.0369609856262834,MONFALCONE,MAN,NAV
78,309,0.785763175906913,MONFALCONE,MAN,ENG
85,766,1.5578370978781657,PORDENONE,MAN,ENG
9,234,2.206707734428474,Coast,MAN,MAN
86,535,0.24093086926762491,Coast,MAN,PCM
186,767,0.2272416153319644,TRIESTE,MAN,ENG
85,535,1.3169062286105406,Coast,MAN,MAN
8,676,0.9965776865160848,UDINE,MAN,ENG
187,316,1.5852156057494866,Coast,MAN,MAN
18,535,1.336071184120465,Coast,MAN,PCM
188,535,0.6817248459958932,Coast,MAN,MAN
189,590,0.07939767282683094,Coast,MAN,MAN
190,316,0.7008898015058179,Coast,MAN,MAN
18,309,0.08213552361396304,MONFALCONE,MAN,ENG
30,676,3.271731690622861,UDINE,MAN,MAN
191,676,1.2566735112936345,UDINE,MAN,MAN
192,309,1.0787132101300478,MONFALCONE,MAN,ENG
49,768,0.9883641341546886,UDINE,MAN,ENG
193,195,2.5626283367556466,PORDENONE,MAN,ENG
85,180,0.2190280629705681,UDINE,MAN,ENG
85,226,3.5592060232717317,PORDENONE,MAN,UNI
194,195,2.212183436002738,PORDENONE,MAN,ENG
195,180,1.1170431211498972,UDINE,MAN,ENG
196,195,3.0417522245037647,PORDENONE,MAN,MAN
183,769,1.8781656399726216,UDINE,MAN,MAN
197,180,0.0082135523613963,UDINE,MAN,MAN
8,770,2.0643394934976045,PORDENONE,MAN,MAN
198,771,2.327173169062286,PORDENONE,MAN,MAN
91,772,1.4127310061601643,PORDENONE,MAN,MAN
199,773,0.3915126625598905,UDINE,MAN,MAN
8,40,0.840520191649555,UDINE,MAN,ENG
200,40,0.5037645448323066,UDINE,MAN,ENG
201,40,0.2929500342231348,UDINE,MAN,ENG
12,40,0.12320328542094457,UDINE,MAN,ENG
200,40,0.5037645448323066,UDINE,MAN,ENG
202,40,0.487337440109514,UDINE,MAN,ENG
116,774,0.49007529089664614,UDINE,MAN,MAN
203,40,3.0937713894592744,UDINE,MAN,MAN
204,775,0.3969883641341546,PORDENONE,MAN,MAN
205,40,0.6817248459958932,UDINE,MAN,ENG
8,40,0.24914442162902123,UDINE,MAN,ENG
206,75,0.6680355920602327,UDINE,MAN,MAN
207,242,0.5010266940451745,UDINE,MAN,ENG
208,242,0.2327173169062286,UDINE,MAN,ENG
209,776,0.11772758384668036,PORDENONE,MAN,MAN
18,91,3.9616700889801506,UDINE,MAN,ENG
41,91,1.1553730321697468,UDINE,MAN,ENG
210,18,0.14510609171800137,UDINE,MAN,ENG
18,91,2.5817932922655715,UDINE,MAN,ENG
211,777,0.8323066392881588,UDINE,MAN,MAN
91,18,3.997262149212868,UDINE,MAN,ENG
73,18,4.761122518822724,UDINE,MAN,ENG
212,18,4.090349075975359,UDINE,MAN,ENG
12,91,0.33675564681724846,UDINE,MAN,ENG
213,12,0.19164955509924708,UDINE,MAN,ENG
12,91,0.49555099247091033,UDINE,MAN,ENG
5,91,0.4654346338124572,UDINE,MAN,ENG
12,18,0.49555099247091033,UDINE,MAN,ENG
214,18,0.999315537303217,UDINE,MAN,ENG
215,91,3.5017111567419574,UDINE,MAN,ENG
71,91,3.238877481177276,UDINE,MAN,ENG
216,18,2.595482546201232,UDINE,MAN,ENG
12,91,2.9924709103353866,UDINE,MAN,ENG
217,18,0.48186173853524983,UDINE,MAN,ENG
218,18,1.749486652977413,UDINE,MAN,ENG
219,18,1.5195071868583163,UDINE,MAN,ENG
220,18,0.6078028747433265,UDINE,MAN,ENG
59,18,4.596851471594798,UDINE,MAN,ENG
148,91,2.9295003422313486,UDINE,MAN,MAN
5,18,1.4154688569472964,UDINE,MAN,ENG
221,18,2.3326488706365502,UDINE,MAN,ENG
222,91,0.7665982203969883,UDINE,MAN,ENG
185,18,0.4763860369609856,UDINE,MAN,ENG
199,18,0.6598220396988365,UDINE,MAN,ENG
134,18,0.24914442162902123,UDINE,MAN,ENG
58,778,2.102669404517454,Coast,MAN,MAN
12,91,0.4106776180698152,UDINE,MAN,ENG
74,18,3.597535934291581,UDINE,MAN,ENG
41,18,1.596167008898015,UDINE,MAN,ENG
182,18,3.0006844626967832,UDINE,MAN,ENG
58,18,1.5277207392197123,UDINE,MAN,ENG
49,18,0.9965776865160848,UDINE,MAN,ENG
91,18,3.055441478439425,UDINE,MAN,ENG
41,91,3.060917180013689,UDINE,MAN,ENG
223,18,0.2874743326488706,UDINE,MAN,ENG
224,18,2.806297056810404,UDINE,MAN,ENG
225,12,0.49007529089664614,UDINE,MAN,ENG
226,18,1.6427104722792607,UDINE,MAN,ENG
40,18,0.5475701574264202,UDINE,MAN,ENG
227,91,0.6242299794661191,UDINE,MAN,ENG
228,18,1.5578370978781657,UDINE,MAN,ENG
154,18,4.008213552361396,UDINE,MAN,ENG
12,91,0.432580424366872,UDINE,MAN,ENG
8,18,0.24914442162902123,UDINE,MAN,ENG
12,91,0.5311430527036276,UDINE,MAN,ENG
225,91,2.0917180013689256,UDINE,MAN,ENG
9,18,3.425051334702258,UDINE,MAN,ENG
40,91,3.345653661875428,UDINE,MAN,MAN
12,91,0.2600958247775496,UDINE,MAN,ENG
229,91,0.8952772073921971,UDINE,MAN,ENG
22,18,0.5776865160848734,UDINE,MAN,ENG
73,18,1.3305954825462012,UDINE,MAN,ENG
92,18,4.421629021218344,UDINE,MAN,ENG
230,18,1.566050650239562,UDINE,MAN,ENG
231,18,2.754277891854894,UDINE,MAN,ENG
232,18,2.21492128678987,UDINE,MAN,ENG
187,91,1.4893908281998631,UDINE,MAN,MAN
233,18,0.5229295003422314,UDINE,MAN,ENG
234,18,1.5085557837097878,UDINE,MAN,ENG
235,18,1.9931553730321696,UDINE,MAN,ENG
8,91,0.2464065708418891,UDINE,MAN,ENG
163,18,1.8151950718685832,UDINE,MAN,ENG
12,18,0.5010266940451745,UDINE,MAN,ENG
236,91,0.8158795345653662,UDINE,MAN,ENG
185,18,5,UDINE,MAN,ENG
5,18,1.5852156057494866,UDINE,MAN,ENG
5,18,0.4161533196440794,UDINE,MAN,ENG
237,91,4.060232717316906,UDINE,MAN,ENG
37,91,4.32580424366872,UDINE,MAN,ENG
8,18,0.9965776865160848,UDINE,MAN,ENG
8,91,0.4928131416837782,UDINE,MAN,ENG
65,18,0.30390143737166325,UDINE,MAN,ENG
238,18,3.378507871321013,UDINE,MAN,ENG
12,91,0.4845995893223819,UDINE,MAN,ENG
12,18,4.361396303901437,UDINE,MAN,ENG
18,91,4.057494866529774,UDINE,MAN,ENG
37,12,0.13415468856947296,UDINE,MAN,ENG
18,91,0.03011635865845311,UDINE,MAN,ENG
86,91,2.746064339493498,UDINE,MAN,ENG
8,18,1.0212183436002735,UDINE,MAN,ENG
185,12,0.49555099247091033,UDINE,MAN,ENG
239,91,0.5722108145106092,UDINE,MAN,ENG
240,18,0.9856262833675564,UDINE,MAN,MAN
134,18,0.08213552361396304,UDINE,MAN,ENG
5,779,1.5003422313483916,UDINE,MAN,ENG
12,18,0.2190280629705681,UDINE,MAN,ENG
241,18,2.3874058863791925,UDINE,MAN,ENG
137,18,0.49007529089664614,UDINE,MAN,ENG
18,91,1.949349760438056,UDINE,MAN,ENG
242,18,3.4469541409993156,UDINE,MAN,ENG
243,18,0.03011635865845311,UDINE,MAN,ENG
244,18,0.6023271731690623,UDINE,MAN,ENG
3,18,0.6926762491444216,UDINE,MAN,ENG
41,91,0.999315537303217,UDINE,MAN,MAN
245,18,0.5393566050650239,UDINE,MAN,ENG
58,18,2.6940451745379876,UDINE,MAN,ENG
49,18,3.761806981519507,UDINE,MAN,ENG
246,18,1.429158110882957,UDINE,MAN,ENG
232,18,3.923340177960301,UDINE,MAN,ENG
247,18,1.6399726214921286,UDINE,MAN,ENG
248,18,3.904175222450376,UDINE,MAN,ENG
18,91,0.9965776865160848,UDINE,MAN,ENG
249,18,5,UDINE,MAN,ENG
27,18,4.470910335386721,UDINE,MAN,ENG
18,91,3.463381245722108,UDINE,MAN,ENG
250,18,1.9630390143737169,UDINE,MAN,ENG
27,91,1.5797399041752225,UDINE,MAN,MAN
18,91,0.2190280629705681,UDINE,MAN,ENG
78,18,2.2614647501711156,UDINE,MAN,ENG
8,18,0.06297056810403832,UDINE,MAN,ENG
18,780,2.926762491444216,PORDENONE,MAN,ENG
251,781,0.5366187542778919,UDINE,MAN,BIO
194,782,2.754277891854894,GORIZIA,MAN,MAN
22,141,1.998631074606434,PORDENONE,MAN,ENG
252,141,4.093086926762491,PORDENONE,MAN,MAN
253,141,2.3928815879534566,PORDENONE,MAN,ENG
254,208,1.2785763175906912,Coast,MAN,ENG
255,783,0.243668720054757,PORDENONE,MAN,AGR
5,362,0.9965776865160848,GORIZIA,MAN,ENG
18,362,1.426420260095825,GORIZIA,MAN,ENG
8,40,0.9965776865160848,UDINE,MAN,ENG
235,40,4.594113620807666,UDINE,MAN,ENG
256,375,1.9301848049281312,PORDENONE,MAN,ENG
18,40,1.8069815195071868,UDINE,MAN,ENG
18,40,3.137577002053388,UDINE,MAN,ENG
257,40,0.6242299794661191,UDINE,MAN,ENG
258,283,0.2683093771389459,MONFALCONE,MAN,ENG
258,283,0.2683093771389459,MONFALCONE,MAN,ENG
259,236,1.998631074606434,MONFALCONE,MAN,ENG
260,57,3.0937713894592744,MANIAGO,MAN,MAN
261,57,0.8706365503080082,MANIAGO,MAN,MAN
262,58,0.4928131416837782,PORDENONE,MAN,ENG
121,58,2.105407255304586,PORDENONE,MAN,ENG
123,58,2.3326488706365502,PORDENONE,MAN,ENG
49,58,0.0054757015742642,PORDENONE,MAN,ENG
263,58,0.2518822724161533,PORDENONE,MAN,ENG
264,57,0.2464065708418891,MANIAGO,MAN,MAN
8,58,2.9979466119096507,PORDENONE,MAN,ENG
265,57,2.86652977412731,MANIAGO,MAN,MAN
266,58,0.0027378507871321,PORDENONE,MAN,ENG
27,49,0.17522245037645448,PORDENONE,MAN,ENG
267,49,1.541409993155373,PORDENONE,MAN,ENG
58,49,2.3436002737850785,PORDENONE,MAN,ENG
5,49,0.865160848733744,PORDENONE,MAN,ENG
268,49,0.4161533196440794,PORDENONE,MAN,ENG
58,49,2.3326488706365502,PORDENONE,MAN,ENG
269,49,1.4921286789869952,PORDENONE,MAN,ENG
5,49,0.9965776865160848,PORDENONE,MAN,MAN
270,49,2.6776180698151952,PORDENONE,MAN,MAN
271,49,0.49828884325804246,PORDENONE,MAN,ENG
121,27,0.621492128678987,TRIESTE,MAN,NAV
266,27,0.0027378507871321,TRIESTE,MAN,NAV
272,27,5,TRIESTE,MAN,ENG
249,27,0.5037645448323066,TRIESTE,MAN,NAV
27,249,1.1690622861054072,TRIESTE,MAN,NAV
58,27,4.317590691307323,TRIESTE,MAN,NAV
121,27,3.260780287474333,TRIESTE,MAN,ENG
134,27,0.4243668720054757,TRIESTE,MAN,NAV
249,27,3.008898015058179,TRIESTE,MAN,NAV
5,27,0.5694729637234771,TRIESTE,MAN,NAV
218,27,2.0725530458590007,TRIESTE,MAN,ENG
273,27,0.2683093771389459,TRIESTE,MAN,ARC
274,293,1.911019849418207,TRIESTE,MAN,NAV
27,627,2.0643394934976045,TRIESTE,MAN,NAV
275,27,1.3935660506502396,TRIESTE,MAN,ARC
276,27,3.8466803559206024,TRIESTE,MAN,ENG
277,27,0.12594113620807665,MONFALCONE,MAN,ENG
65,27,3.077344284736482,TRIESTE,MAN,NAV
147,27,4.355920602327173,TRIESTE,MAN,ENG
278,27,0.42984257357973993,TRIESTE,MAN,NAV
279,27,2.220396988364134,TRIESTE,MAN,NAV
58,27,5,TRIESTE,MAN,NAV
280,784,1.267624914442163,GORIZIA,MAN,MAN
217,27,0.09582477754962354,TRIESTE,MAN,ENG
121,27,0.5968514715947981,TRIESTE,MAN,ENG
281,627,1.4921286789869952,TRIESTE,MAN,ENG
49,27,2.5845311430527036,TRIESTE,MAN,NAV
134,27,0.33127994524298426,TRIESTE,MAN,NAV
18,27,1.566050650239562,TRIESTE,MAN,ENG
249,27,3.586584531143053,TRIESTE,MAN,NAV
18,27,0.14510609171800137,TRIESTE,MAN,NAV
282,27,0.24093086926762491,TRIESTE,MAN,ENG
159,27,0.28473648186173856,TRIESTE,MAN,ENG
5,27,0.6926762491444216,TRIESTE,MAN,NAV
283,27,0.2683093771389459,TRIESTE,MAN,NAV
5,27,0.9965776865160848,MONFALCONE,MAN,ENG
94,249,1.4099931553730325,TRIESTE,MAN,ENG
284,27,1.828884325804244,TRIESTE,MAN,NAV
285,27,1.7248459958932238,TRIESTE,MAN,NAV
18,27,1.336071184120465,TRIESTE,MAN,ENG
249,27,2.0917180013689256,TRIESTE,MAN,NAV
137,27,1.659137577002053,TRIESTE,MAN,NAV
286,27,3.060917180013689,MONFALCONE,MAN,ENG
287,627,0.5174537987679672,TRIESTE,MAN,ENG
288,27,4.761122518822724,TRIESTE,MAN,NAV
5,27,0.8952772073921971,TRIESTE,MAN,NAV
289,190,0.9965776865160848,TRIESTE,MAN,NAV
30,27,0.6625598904859685,TRIESTE,MAN,NAV
290,27,1.3935660506502396,TRIESTE,MAN,NAV
49,27,0.9609856262833676,TRIESTE,MAN,NAV
49,27,0.4845995893223819,TRIESTE,MAN,ENG
58,27,4.728268309377139,TRIESTE,MAN,ENG
291,190,2.433949349760438,TRIESTE,MAN,MAN
27,785,0.4353182751540041,TRIESTE,MAN,MAN
40,27,3.060917180013689,TRIESTE,MAN,ENG
292,27,0.30937713894592744,TRIESTE,MAN,ARC
27,293,0.46269678302532513,TRIESTE,MAN,NAV
82,27,0.45722108145106094,TRIESTE,MAN,ENG
293,27,0.6625598904859685,TRIESTE,MAN,ENG
193,27,0.2655715263518138,TRIESTE,MAN,NAV
294,27,4.057494866529774,TRIESTE,MAN,NAV
295,27,0.5201916495550992,TRIESTE,MAN,NAV
18,627,2.6557152635181382,TRIESTE,MAN,NAV
134,190,0.5037645448323066,TRIESTE,MAN,NAV
238,27,3.331964407939767,MONFALCONE,MAN,ENG
249,27,3.586584531143053,TRIESTE,MAN,NAV
18,27,0.29842573579739906,TRIESTE,MAN,NAV
249,27,2.0917180013689256,TRIESTE,MAN,NAV
21,27,2.650239561943874,TRIESTE,MAN,NAV
296,27,0.5010266940451745,TRIESTE,MAN,ARC
255,27,0.02190280629705681,TRIESTE,MAN,ENG
293,27,0.6433949349760438,TRIESTE,MAN,ENG
297,27,2.926762491444216,TRIESTE,MAN,ENG
298,27,4.344969199178645,TRIESTE,MAN,NAV
238,27,2.7159479808350446,TRIESTE,MAN,NAV
249,27,0.5037645448323066,MONFALCONE,MAN,NAV
105,27,0.5092402464065708,TRIESTE,MAN,ENG
249,27,0.31485284052019163,TRIESTE,MAN,NAV
16,27,1.0896646132785763,MONFALCONE,MAN,NAV
94,27,0.4161533196440794,TRIESTE,MAN,NAV
185,27,3.67419575633128,TRIESTE,MAN,ENG
8,786,0.3613963039014374,MONFALCONE,MAN,MAN
78,27,2.001368925393566,TRIESTE,MAN,ARC
299,27,0.3942505133470226,TRIESTE,MAN,ENG
300,27,4.008213552361396,TRIESTE,MAN,NAV
282,27,0.24093086926762491,TRIESTE,MAN,ENG
301,27,1.1772758384668036,TRIESTE,MAN,NAV
147,27,3.175906913073238,TRIESTE,MAN,NAV
302,27,0.06023271731690623,TRIESTE,MAN,NAV
303,249,1.51129363449692,TRIESTE,MAN,NAV
8,27,0.7939767282683093,TRIESTE,MAN,ENG
199,27,2.0752908966461328,TRIESTE,MAN,ENG
249,27,3.586584531143053,TRIESTE,MAN,NAV
304,27,2.806297056810404,TRIESTE,MAN,ENG
82,27,1.995893223819302,TRIESTE,MAN,NAV
305,27,0.17796030116358658,TRIESTE,MAN,ENG
249,27,2.0917180013689256,TRIESTE,MAN,NAV
306,27,0.4845995893223819,TRIESTE,MAN,NAV
307,27,1.2484599589322385,TRIESTE,MAN,NAV
8,27,0.49007529089664614,TRIESTE,MAN,NAV
8,27,0.06297056810403832,TRIESTE,MAN,ENG
18,27,3.912388774811773,TRIESTE,MAN,ENG
308,27,2.3134839151266258,TRIESTE,MAN,ENG
17,27,3.060917180013689,TRIESTE,MAN,ENG
235,627,3.923340177960301,TRIESTE,MAN,ENG
292,27,0.30937713894592744,TRIESTE,MAN,ARC
18,238,1.6098562628336757,MONFALCONE,MAN,NAV
309,238,0.999315537303217,MONFALCONE,MAN,MAN
163,314,2.4722792607802875,MONFALCONE,MAN,ENG
310,163,1.9000684462696784,MONFALCONE,MAN,ENG
310,163,1.0595482546201231,MONFALCONE,MAN,ENG
18,163,0.33401779603011633,MONFALCONE,MAN,ENG
311,787,1.0047912388774811,UDINE,MAN,MAN
27,163,2.595482546201232,MONFALCONE,MAN,ENG
312,163,0.28199863107460643,MONFALCONE,MAN,ENG
311,787,1.0047912388774811,UDINE,MAN,MAN
80,163,0.24914442162902123,MONFALCONE,MAN,ENG
134,659,0.24914442162902123,TRIESTE,MAN,UNI
313,163,1.5468856947296372,MONFALCONE,MAN,ENG
5,659,0.6652977412731006,TRIESTE,MAN,UNI
18,163,1.596167008898015,MONFALCONE,MAN,ENG
124,163,2.3846680355920604,MONFALCONE,MAN,ENG
314,788,4.249144421629021,TRIESTE,MAN,ENG
313,163,0.5201916495550992,MONFALCONE,MAN,ENG
313,163,2.135523613963039,MONFALCONE,MAN,ENG
134,163,1.1772758384668036,MONFALCONE,MAN,ENG
27,163,0.5174537987679672,MONFALCONE,MAN,ENG
200,163,1.596167008898015,MONFALCONE,MAN,ENG
315,163,1.1772758384668036,MONFALCONE,MAN,ENG
134,659,0.07118412046543464,TRIESTE,MAN,UNI
316,163,0.5284052019164955,MONFALCONE,MAN,ENG
317,163,1.5468856947296372,MONFALCONE,MAN,ENG
318,337,0.25735797399041754,PORDENONE,MAN,MAN
218,337,0.4243668720054757,PORDENONE,MAN,MAN
319,337,0.7008898015058179,PORDENONE,MAN,MAN
320,184,0.19164955509924708,UDINE,MAN,ARC
19,337,1.8535249828884328,PORDENONE,MAN,MAN
318,337,0.25735797399041754,PORDENONE,MAN,MAN
321,789,2.7871321013004793,PORDENONE,MAN,MAN
322,790,2.4503764544832305,PORDENONE,MAN,MAN
323,541,0.8870636550308009,PORDENONE,MAN,MAN
195,318,1.8535249828884328,Mountain,MAN,MAN
324,541,0.17248459958932238,PORDENONE,MAN,MAN
325,192,2.5817932922655715,PORDENONE,MAN,MAN
18,192,3.345653661875428,PORDENONE,MAN,ENG
8,192,0.1806981519507187,PORDENONE,MAN,ENG
326,192,0.2108145106091718,PORDENONE,MAN,ENG
327,192,1.5770020533880904,PORDENONE,MAN,MAN
18,192,3.353867214236824,PORDENONE,MAN,MAN
8,525,0.9965776865160848,GORIZIA,MAN,ENG
328,143,4.306639288158795,GORIZIA,MAN,MAN
329,791,0.8295687885010267,UDINE,MAN,MAN
330,200,0.5612594113620808,UDINE,MAN,ENG
228,200,2.425735797399042,UDINE,MAN,UNI
41,200,1.5852156057494866,UDINE,MAN,ENG
108,96,0.9965776865160848,TRIESTE,INS,ENG
18,792,4.177960301163586,TRIESTE,INS,MAN
121,793,3.646817248459959,PORDENONE,INS,MAN
331,489,0.15879534565366188,TRIESTE,INS,MAN
300,794,3.9315537303216974,TRIESTE,INS,MAN
332,489,0.2135523613963039,TRIESTE,INS,MAN
333,795,4.479123887748118,TRIESTE,INS,MAN
334,109,0.5010266940451745,TRIESTE,INS,ENG
335,796,0.4928131416837782,TRIESTE,INS,ARC
336,669,3.143052703627652,MONFALCONE,INS,MAN
337,797,0.4243668720054757,MONFALCONE,INS,MAN
5,28,3.345653661875428,UDINE,INS,ENG
134,41,0.5968514715947981,UDINE,INS,ENG
244,94,4.594113620807666,MONFALCONE,INS,ENG
8,41,0.06023271731690623,UDINE,INS,ENG
40,41,1.2922655715263518,UDINE,INS,ENG
12,41,2.9075975359342916,UDINE,INS,ENG
338,41,0.5037645448323066,UDINE,INS,ENG
12,41,0.5010266940451745,UDINE,INS,ENG
339,41,3.8466803559206024,UDINE,INS,ENG
5,94,0.1806981519507187,MONFALCONE,INS,ENG
340,41,0.9582477754962354,UDINE,INS,ENG
341,41,3.0417522245037647,UDINE,INS,ENG
228,94,0.08761122518822724,MONFALCONE,INS,ENG
91,41,0.969199178644764,UDINE,INS,ENG
18,41,0.5010266940451745,UDINE,INS,ENG
91,41,3.0034223134839153,UDINE,INS,ENG
12,41,2.31895961670089,UDINE,INS,ENG
8,41,0.9965776865160848,UDINE,INS,ENG
148,41,2.8035592060232717,UDINE,INS,ENG
94,41,0.5010266940451745,UDINE,INS,ENG
12,41,3.9315537303216974,UDINE,INS,ENG
342,41,4.177960301163586,UDINE,INS,ENG
343,41,5,UDINE,INS,ENG
18,41,1.845311430527036,UDINE,INS,ENG
344,41,0.08761122518822724,UDINE,INS,ENG
345,798,3.373032169746749,UDINE,INS,ENG
346,799,0.16153319644079395,MONFALCONE,INS,MAN
347,334,0.49828884325804246,UDINE,EGW,ENG
18,674,2.0917180013689256,UDINE,EGW,ENG
18,674,3.260780287474333,UDINE,EGW,ENG
348,800,1.9548254620123204,PORDENONE,EGW,ENG
349,674,0.29842573579739906,UDINE,EGW,ENG
256,800,1.3333333333333333,PORDENONE,EGW,ENG
148,654,2.926762491444216,UDINE,EGW,ENG
350,801,3.983572895277208,UDINE,EGW,PCM
12,802,0.9828884325804244,UDINE,EGW,MAN
37,803,1.6618754277891854,PORDENONE,EGW,ENG
351,803,0.5092402464065708,PORDENONE,EGW,MAN
352,802,2.2313483915126624,UDINE,EGW,MAN
338,167,0.49828884325804246,PORDENONE,CON,MAN
121,340,0.813141683778234,TRIESTE,CON,MAN
141,804,0.16153319644079395,TRIESTE,CON,MAN
5,805,4.799452429842574,UDINE,CON,MAN
259,253,0.5010266940451745,UDINE,CON,ENG
8,806,0.29568788501026694,UDINE,CON,MAN
22,121,0.4928131416837782,UDINE,CON,MAN
353,530,4.862422997946612,UDINE,CON,ARC
280,688,0.2792607802874743,TRIESTE,CON,ENG
354,807,0.9965776865160848,TRIESTE,CON,UNI
5,121,1.3497604380561261,UDINE,CON,ENG
8,121,0.9965776865160848,UDINE,CON,MAN
70,808,0.8843258042436687,MONFALCONE,CON,MAN
190,809,0.04380561259411362,TRIESTE,CON,MAN
355,121,3.9315537303216974,UDINE,CON,MAN
192,810,1.0787132101300478,TRIESTE,CON,MAN
356,811,0.48186173853524983,TRIESTE,CON,MAN
357,812,0.6844626967830253,TRIESTE,CON,ENG
30,805,0.45722108145106094,UDINE,CON,MAN
358,810,1.4510609171800135,TRIESTE,CON,ARC
18,121,2.9568788501026693,UDINE,CON,MAN
316,809,0.04380561259411362,TRIESTE,CON,MAN
359,813,0.8952772073921971,Coast,CON,MAN
360,351,0.2464065708418891,GORIZIA,CON,MAN
361,814,2.6721423682409307,UDINE,CON,ENG
360,351,0.2464065708418891,GORIZIA,CON,MAN
362,814,3.129363449691992,UDINE,CON,ENG
363,814,4.594113620807666,UDINE,CON,ENG
364,814,4.632443531827516,UDINE,CON,ENG
365,815,0.10403832991101986,Coast,CON,MAN
366,816,0.8980150581793293,PORDENONE,CON,ENG
5,589,0.2272416153319644,PORDENONE,CON,MAN
367,817,1.5003422313483916,UDINE,CON,MAN
148,818,0.16427104722792607,UDINE,CON,UNI
71,598,0.783025325119781,UDINE,CON,MAN
71,598,0.783025325119781,UDINE,CON,MAN
368,819,3.928815879534566,TRIESTE,CON,MAN
5,820,0.2327173169062286,UDINE,CON,ENG
369,589,0.2272416153319644,PORDENONE,CON,MAN
367,817,1.5003422313483916,UDINE,CON,MAN
27,370,0.45722108145106094,TRIESTE,CON,ENG
370,821,3.759069130732375,TRIESTE,CON,MAN
371,822,1.9082819986310744,UDINE,CON,ENG
372,622,1.757700205338809,TRIESTE,CON,ENG
373,823,0.05749486652977412,MONFALCONE,CON,NAV
374,824,0.12320328542094457,UDINE,CON,ENG
375,383,0.4928131416837782,UDINE,CON,ENG
373,823,0.05749486652977412,MONFALCONE,CON,NAV
376,825,0.1697467488021903,UDINE,CON,ENG
376,825,0.1697467488021903,UDINE,CON,ENG
22,826,0.7501711156741958,MONFALCONE,CON,MAN
18,827,1.325119780971937,UDINE,CON,MAN
235,828,5,UDINE,CON,MAN
377,829,2.039698836413415,MONFALCONE,CON,NAV
378,830,0.3066392881587953,TRIESTE,CON,ENG
379,831,0.07665982203969883,GORIZIA,CON,ENG
380,832,1.6043805612594113,UDINE,CON,MAN
74,833,1.6427104722792607,TRIESTE,CON,ARC
381,834,0.14784394250513347,TRIESTE,CON,ARC
183,361,0.7775496235455168,UDINE,CON,MAN
167,835,0.49828884325804246,UDINE,CON,MAN
382,836,1.831622176591376,Coast,CON,MAN
383,837,0.35592060232717315,Coast,WHOL,UNI
384,838,4.306639288158795,TRIESTE,WHOL,MAN
18,121,0.4928131416837782,UDINE,WHOL,ENG
277,121,1.051334702258727,UDINE,WHOL,ENG
294,121,2.425735797399042,UDINE,WHOL,MAN
385,121,0.4106776180698152,UDINE,WHOL,MAN
386,839,0.05749486652977412,UDINE,WHOL,ARC
18,121,3.345653661875428,UDINE,WHOL,MAN
387,121,1.757700205338809,UDINE,WHOL,MAN
134,121,0.4462696783025325,UDINE,WHOL,ENG
388,840,0.731006160164271,UDINE,WHOL,ENG
389,841,1.8261464750171117,UDINE,WHOL,MAN
390,842,1.0212183436002735,PORDENONE,WHOL,PCM
391,843,0.4490075290896646,GORIZIA,WHOL,MAN
392,503,0.4188911704312115,Mountain,WHOL,MAN
5,570,0.5475701574264202,TRIESTE,WHOL,MAN
59,534,0.9500342231348392,TRIESTE,WHOL,MAN
218,844,0.7392197125256673,TRIESTE,WHOL,ENG
18,844,0.0109514031485284,TRIESTE,WHOL,ENG
147,844,1.7741273100616015,TRIESTE,WHOL,PCM
124,845,0.4791238877481177,TRIESTE,WHOL,MAN
18,846,4.498288843258043,PORDENONE,WHOL,MAN
393,847,1.212867898699521,UDINE,WHOL,MAN
124,845,0.4791238877481177,TRIESTE,WHOL,MAN
394,848,2.9021218343600275,MANIAGO,WHOL,MAN
12,849,0.13415468856947296,UDINE,WHOL,ENG
8,850,0.9965776865160848,PORDENONE,WHOL,ENG
210,209,0.27104722792607805,UDINE,WHOL,MAN
174,851,0.24914442162902123,PORDENONE,WHOL,ARC
232,388,4.344969199178645,UDINE,WHOL,ENG
395,388,2.2559890485968515,UDINE,WHOL,MAN
325,204,0.3969883641341546,Coast,WHOL,GBE
210,852,0.47091033538672145,PORDENONE,WHOL,GBE
396,853,4.090349075975359,UDINE,WHOL,MAN
397,854,0.03832991101984941,UDINE,WHOL,PCM
398,29,0.05749486652977412,UDINE,WHOL,PCM
40,854,3.3867214236824092,UDINE,WHOL,MAN
18,855,0.8268309377138946,UDINE,WHOL,ENG
399,856,0.24914442162902123,UDINE,WHOL,MAN
400,402,0.9527720739219712,GORIZIA,WHOL,MAN
401,403,3.3867214236824092,PORDENONE,WHOL,MAN
402,857,0.2546201232032854,MANIAGO,WHOL,MAN
27,858,1.1663244353182751,UDINE,WHOL,MAN
403,401,1.5770020533880904,UDINE,WHOL,MAN
404,859,1.5085557837097878,PORDENONE,WHOL,MAN
147,860,5,Mountain,WHOL,MAN
27,401,1.3607118412046544,UDINE,WHOL,MAN
76,861,1.891854893908282,UDINE,WHOL,MAN
405,862,4.257357973990418,TRIESTE,WHOL,MAN
406,859,1.158110882956879,TRIESTE,WHOL,MAN
363,404,0.33401779603011633,Mountain,WHOL,MAN
322,863,1.5852156057494866,Coast,WHOL,MAN
407,401,1.1772758384668036,UDINE,WHOL,MAN
402,857,0.2546201232032854,MANIAGO,WHOL,MAN
401,306,1.68104038329911,PORDENONE,WHOL,MAN
408,864,0.04106776180698152,TRIESTE,WHOL,MAN
408,864,0.04106776180698152,TRIESTE,WHOL,MAN
409,865,3.655030800821355,UDINE,WHOL,MAN
143,866,3.4277891854893907,TRIESTE,WHOL,MAN
8,677,1.0239561943874058,TRIESTE,WHOL,MAN
410,467,0.6598220396988365,Coast,WHOL,MAN
411,867,0.3394934976043806,Coast,WHOL,MAN
59,868,4.6680355920602326,TRIESTE,WHOL,MAN
412,869,1.3442847364818618,GORIZIA,WHOL,MAN
413,870,0.6652977412731006,PORDENONE,WHOL,BIO
414,14,2.414784394250513,GORIZIA,WHOL,BIO
415,14,1.108829568788501,GORIZIA,WHOL,BIO
73,871,4.744695414099931,UDINE,WHOL,MAN
416,670,3.2854209445585214,UDINE,WHOL,ARC
18,872,1.754962354551677,PORDENONE,WHOL,MAN
417,873,5,UDINE,WHOL,MAN
27,224,5,TRIESTE,WHOL,MAN
418,874,3.980835044490075,UDINE,WHOL,MAN
18,875,1.911019849418207,UDINE,WHOL,MAN
419,876,0.2655715263518138,UDINE,WHOL,MAN
27,877,4.470910335386721,UDINE,WHOL,MAN
58,878,0.6297056810403833,GORIZIA,WHOL,MAN
420,879,0.36960985626283366,PORDENONE,WHOL,MAN
421,880,5,UDINE,WHOL,MAN
422,881,0.5174537987679672,Coast,WHOL,MAN
423,881,1.2073921971252566,Coast,WHOL,MAN
424,882,0.29021218343600275,UDINE,WHOL,MAN
422,881,0.5174537987679672,Coast,WHOL,MAN
425,883,0.4654346338124572,UDINE,WHOL,MAN
426,179,0.2737850787132101,MONFALCONE,WHOL,MAN
105,179,0.12046543463381246,MONFALCONE,WHOL,MAN
427,884,0.03285420944558522,UDINE,WHOL,PCM
427,884,0.03285420944558522,UDINE,WHOL,PCM
428,885,0.03011635865845311,UDINE,WHOL,BIO
429,886,1.4483230663928817,PORDENONE,WHOL,FAR
22,887,1.834360027378508,TRIESTE,WHOL,UNI
430,363,0.3942505133470226,PORDENONE,WHOL,MAN
430,363,0.3942505133470226,PORDENONE,WHOL,MAN
18,363,0.10403832991101986,TRIESTE,WHOL,MAN
431,888,1.596167008898015,TRIESTE,WHOL,MAN
27,889,2.00684462696783,TRIESTE,WHOL,MAN
432,890,0.08213552361396304,UDINE,WHOL,MAN
433,891,0.9911019849418208,PORDENONE,WHOL,UNI
434,210,1.0787132101300478,Mountain,WHOL,ENG
27,210,0.5831622176591376,Mountain,WHOL,ENG
435,892,2.5023956194387407,Mountain,TRAN,ENG
436,892,4.720054757015743,UDINE,TRAN,UNI
288,544,1.790554414784394,Coast,TRAN,MAN
437,893,2.455852156057495,UDINE,TRAN,AGR
49,894,2.3134839151266258,GORIZIA,TRAN,MAN
27,895,4.05201916495551,MONFALCONE,TRAN,MAN
438,896,0.9117043121149896,PORDENONE,TRAN,MAN
439,705,1.593429158110883,TRIESTE,TRAN,MAN
91,897,1.845311430527036,TRIESTE,TRAN,MAN
235,898,3.134839151266256,MONFALCONE,TRAN,ENG
440,898,2.108145106091718,MONFALCONE,TRAN,NAV
441,899,1.2375085557837098,Coast,TRAN,MAN
442,900,3.6303901437371664,UDINE,TRAN,UNI
5,617,1.845311430527036,PORDENONE,TRAN,ENG
443,900,3.655030800821355,TRIESTE,TRAN,UNI
444,901,0.09582477754962354,TRIESTE,TRAN,ENG
445,153,1.1389459274469542,TRIESTE,TRAN,MAN
446,902,1.5085557837097878,UDINE,TRAN,ENG
134,903,0.9965776865160848,TRIESTE,TRAN,NAV
37,904,2.425735797399042,UDINE,TRAN,MAN
447,905,0.06297056810403832,MONFALCONE,TRAN,MAN
8,906,1.5852156057494866,GORIZIA,TRAN,MAN
22,177,2.9979466119096507,PORDENONE,TRAN,ENG
18,177,1.9931553730321696,PORDENONE,TRAN,ENG
226,177,3.540041067761807,PORDENONE,TRAN,ENG
448,177,0.02737850787132101,PORDENONE,TRAN,ENG
310,177,1.336071184120465,UDINE,TRAN,ENG
5,907,1.6646132785763177,UDINE,TRAN,MAN
449,908,3.2251882272416155,MONFALCONE,TRAN,MAN
8,177,0.999315537303217,PORDENONE,TRAN,ENG
450,177,0.7638603696098563,UDINE,TRAN,ENG
59,177,1.5852156057494866,UDINE,TRAN,ENG
451,909,1.336071184120465,UDINE,TRAN,MAN
424,463,0.6680355920602327,UDINE,TOUR,MAN
49,271,5,Coast,TOUR,MAN
8,377,1.325119780971937,TRIESTE,TOUR,MAN
130,511,0.19164955509924708,TRIESTE,TOUR,MAN
22,910,1.998631074606434,TRIESTE,TOUR,MAN
134,511,0.13689253935660506,TRIESTE,TOUR,MAN
452,911,2.425735797399042,UDINE,TOUR,MAN
453,912,1.8726899383983573,Coast,TOUR,MAN
130,377,0.49828884325804246,TRIESTE,TOUR,MAN
454,913,0.15879534565366188,TRIESTE,TOUR,MAN
121,377,2.809034907597536,TRIESTE,TOUR,MAN
455,914,2.926762491444216,UDINE,TOUR,MAN
424,463,0.4024640657084189,Coast,TOUR,MAN
456,915,0.05201916495550993,UDINE,TOUR,MAN
58,511,0.9965776865160848,TRIESTE,TOUR,MAN
457,916,0.2464065708418891,Mountain,TOUR,MAN
8,656,0.24093086926762491,Coast,TOUR,ARC
458,511,0.2080766598220397,TRIESTE,TOUR,MAN
130,511,0.19164955509924708,TRIESTE,TOUR,MAN
459,915,4.057494866529774,UDINE,TOUR,MAN
460,917,0.2327173169062286,MONFALCONE,TOUR,MAN
134,918,0.11498973305954824,TRIESTE,TOUR,MAN
461,377,2.6776180698151952,TRIESTE,TOUR,MAN
121,463,1.757700205338809,Coast,TOUR,MAN
462,913,1.3661875427789183,TRIESTE,TOUR,MAN
463,424,0.49555099247091033,Coast,TOUR,MAN
460,917,0.2327173169062286,MONFALCONE,TOUR,MAN
182,604,0.6598220396988365,Coast,TOUR,MAN
27,919,1.2594113620807663,TRIESTE,TOUR,MAN
464,920,0.6516084873374401,TRIESTE,TOUR,MAN
280,21,0.38329911019849416,Coast,TOUR,MAN
465,921,0.432580424366872,Coast,TOUR,MAN
465,921,0.432580424366872,Coast,TOUR,MAN
466,21,0.4736481861738535,Coast,TOUR,MAN
467,921,0.4517453798767967,UDINE,TOUR,MAN
468,21,0.49007529089664614,Coast,TOUR,MAN
467,921,0.4517453798767967,UDINE,TOUR,MAN
469,922,1.163586584531143,PORDENONE,TOUR,MAN
470,923,0.10677618069815197,UDINE,TOUR,MAN
471,130,0.3613963039014374,TRIESTE,TOUR,MAN
466,924,2.713210130047913,PORDENONE,TOUR,MAN
472,925,0.2053388090349076,Coast,TOUR,MAN
27,926,1.426420260095825,UDINE,TOUR,MAN
130,492,0.16427104722792607,TRIESTE,TOUR,MAN
473,477,0.02464065708418891,GORIZIA,TOUR,MAN
474,927,2.833675564681725,TRIESTE,TOUR,MAN
475,928,0.07939767282683094,TRIESTE,TOUR,MAN
476,929,0.36960985626283366,TRIESTE,TOUR,MAN
477,473,0.02464065708418891,TRIESTE,TOUR,MAN
473,478,0.892539356605065,TRIESTE,TOUR,MAN
130,458,0.3613963039014374,TRIESTE,TOUR,MAN
218,930,0.07939767282683094,MONFALCONE,TOUR,MAN
478,931,1.3990417522245038,TRIESTE,TOUR,MAN
337,932,0.4106776180698152,UDINE,TOUR,MAN
479,933,0.2737850787132101,UDINE,TOUR,MAN
480,486,0.36960985626283366,Coast,TOUR,MAN
481,934,2.3381245722108144,PORDENONE,TOUR,MAN
432,935,2.595482546201232,PORDENONE,TOUR,MAN
471,130,0.3613963039014374,TRIESTE,TOUR,MAN
482,936,1.1170431211498972,UDINE,TOUR,MAN
483,937,1.404517453798768,UDINE,TOUR,MAN
121,938,0.13689253935660506,Coast,TOUR,MAN
123,939,3.8357289527720737,UDINE,TOUR,MAN
484,940,4.531143052703627,Coast,TOUR,MAN
485,941,0.4106776180698152,UDINE,TOUR,MAN
486,942,0.3258042436687201,Coast,TOUR,MAN
221,933,0.16427104722792607,UDINE,TOUR,MAN
130,458,0.3613963039014374,TRIESTE,TOUR,MAN
487,943,2.0479123887748116,MANIAGO,TOUR,MAN
488,944,0.8213552361396304,Mountain,TOUR,MAN
27,926,0.5694729637234771,UDINE,TOUR,MAN
218,945,1.3442847364818618,TRIESTE,TOUR,MAN
489,130,0.15879534565366188,TRIESTE,TOUR,MAN
205,561,0.6817248459958932,PORDENONE,TOUR,MAN
490,946,2.3408624229979464,MONFALCONE,TOUR,MAN
491,130,0.7638603696098563,TRIESTE,TOUR,MAN
479,933,0.2737850787132101,UDINE,TOUR,MAN
492,130,0.16427104722792607,TRIESTE,TOUR,MAN
493,527,1.5003422313483916,PORDENONE,TOUR,MAN
494,947,0.3394934976043806,UDINE,TOUR,BIO
218,948,0.36413415468856947,TRIESTE,TOUR,MAN
8,650,0.08213552361396304,Coast,TOUR,MAN
8,649,1.002053388090349,Coast,TOUR,MAN
495,949,0.17796030116358658,UDINE,TOUR,MAN
322,950,1.5523613963039014,Coast,TOUR,MAN
496,951,0.09856262833675564,Coast,TOUR,MAN
496,951,0.09856262833675564,Coast,TOUR,MAN
207,952,0.3750855578370979,TRIESTE,TOUR,MAN
497,953,0.49555099247091033,TRIESTE,TOUR,MAN
498,954,1.1553730321697468,TRIESTE,TOUR,MAN
219,955,0.4353182751540041,PORDENONE,TOUR,MAN
499,956,1.4099931553730325,PORDENONE,TOUR,MAN
18,957,4.093086926762491,TRIESTE,TOUR,MAN
27,958,3.3292265571526354,GORIZIA,TOUR,MAN
326,959,0.2108145106091718,Mountain,TOUR,MAN
500,307,1.5003422313483916,UDINE,TOUR,MAN
501,960,5,UDINE,TOUR,MAN
18,168,5,TRIESTE,PUB,MAN
502,961,4.761122518822724,PORDENONE,PUB,MAN
503,962,0.4188911704312115,Mountain,ICT,MAN
40,963,4.829568788501026,Coast,ICT,MAN
96,332,4.093086926762491,MONFALCONE,ICT,MAN
280,964,1.426420260095825,TRIESTE,ICT,AGR
504,48,1.374401095140315,UDINE,ICT,MAN
5,965,0.16153319644079395,PORDENONE,ICT,ENG
236,966,0.5010266940451745,PORDENONE,ICT,ENG
505,698,1.319644079397673,UDINE,ICT,MAN
332,523,1.7467488021902806,TRIESTE,ICT,MAN
18,967,0.22176591375770024,PORDENONE,ICT,UNI
506,968,2.595482546201232,PORDENONE,ICT,MAN
121,421,2.4996577686516086,TRIESTE,ICT,UNI
8,969,0.243668720054757,UDINE,ICT,MAN
8,385,1.2019164955509924,UDINE,ICT,ENG
507,970,2.1601642710472277,TRIESTE,ICT,ENG
27,971,0.47091033538672145,PORDENONE,ICT,ENG
508,972,2.135523613963039,UDINE,ICT,GBE
509,973,2.294318959616701,TRIESTE,ICT,MAN
510,324,0.2135523613963039,PORDENONE,ICT,MAN
510,324,0.2135523613963039,PORDENONE,ICT,MAN
511,974,0.19164955509924708,TRIESTE,ICT,MAN
8,974,0.29842573579739906,TRIESTE,ICT,MAN
512,975,0.3258042436687201,UDINE,SER,MAN
513,976,0.24914442162902123,UDINE,SER,MAN
514,624,3.9315537303216974,TRIESTE,SER,MAN
515,708,0.9911019849418208,UDINE,SER,MAN
516,977,3.764544832306639,UDINE,SER,MAN
329,294,1.9301848049281312,TRIESTE,SER,MAN
409,518,0.7885010266940452,TRIESTE,SER,MAN
517,294,0.4435318275154004,TRIESTE,SER,MAN
329,294,2.735112936344969,TRIESTE,SER,MAN
8,294,1.002053388090349,TRIESTE,SER,MAN
329,518,0.8295687885010267,TRIESTE,SER,MAN
294,329,0.8295687885010267,TRIESTE,SER,MAN
518,329,3.9315537303216974,TRIESTE,SER,MAN
121,294,0.42984257357973993,TRIESTE,SER,MAN
518,294,3.4277891854893907,TRIESTE,SER,MAN
300,978,5,Mountain,SER,MAN
519,978,0.3668720054757016,Mountain,SER,MAN
412,979,1.757700205338809,UDINE,SER,MAN
375,231,2.053388090349076,TRIESTE,SER,UNI
68,231,1.2895277207392195,TRIESTE,SER,UNI
520,231,2.9979466119096507,TRIESTE,SER,UNI
412,979,1.757700205338809,UDINE,SER,MAN
134,231,1.995893223819302,TRIESTE,SER,UNI
80,231,0.2874743326488706,TRIESTE,SER,UNI
134,231,0.4928131416837782,TRIESTE,SER,UNI
18,231,1.6509240246406571,TRIESTE,SER,UNI
5,231,2.746064339493498,TRIESTE,SER,UNI
244,980,1.620807665982204,TRIESTE,SER,ENG
68,981,2.329911019849418,UDINE,SER,PCM
521,982,0.2026009582477755,PORDENONE,SER,AGR
522,983,0.32854209445585214,UDINE,SER,MAN
330,984,3.4277891854893907,UDINE,SER,MAN
91,537,5,TRIESTE,SER,ENG
59,985,0.46269678302532513,UDINE,SER,MAN
8,252,0.9965776865160848,UDINE,SER,BIO
523,537,0.49555099247091033,TRIESTE,SER,MAN
18,252,1.757700205338809,UDINE,SER,ENG
524,986,1.374401095140315,UDINE,SER,UNI
22,987,2.3600273785078714,TRIESTE,SER,PCM
244,252,2.5051334702258727,UDINE,SER,MAN
525,252,1.9301848049281312,UDINE,SER,MAN
526,984,0.15879534565366188,UDINE,SER,MAN
244,252,3.425051334702258,UDINE,SER,BIO
244,252,1.596167008898015,UDINE,SER,MAN
527,365,0.10403832991101986,MONFALCONE,SER,MAN
528,988,5,TRIESTE,SER,MAN
529,989,1.3169062286105406,TRIESTE,SER,ENG
530,989,3.252566735112936,TRIESTE,SER,ENG
531,279,0.5585215605749486,TRIESTE,SER,MAN
532,87,2.324435318275154,UDINE,SER,ENG
533,990,0.27652292950034224,TRIESTE,SER,MAN
59,991,1.1225188227241616,TRIESTE,SER,MAN
18,992,2.083504449007529,UDINE,SER,MAN
534,993,0.9500342231348392,TRIESTE,SER,MAN
535,994,2.023271731690623,UDINE,SER,MAN
536,995,1.4373716632443532,UDINE,SER,MAN
537,996,1.8480492813141685,TRIESTE,SER,MAN
538,694,0.16153319644079395,UDINE,SER,MAN
130,997,0.6954140999315537,TRIESTE,SER,MAN
334,378,0.4928131416837782,UDINE,CON,UNI
174,540,0.2792607802874743,GORIZIA,CON,ARC
539,543,0.4928131416837782,GORIZIA,CON,ARC
540,998,0.4928131416837782,GORIZIA,CON,ARC
540,998,0.4928131416837782,GORIZIA,CON,ARC
541,999,1.5331964407939769,PORDENONE,CON,ARC
232,174,0.4845995893223819,UDINE,CON,ARC
542,613,0.24914442162902123,UDINE,CON,ARC
22,1000,1.998631074606434,MONFALCONE,CON,ARC
27,1001,1.5468856947296372,UDINE,CON,ARC
543,539,0.4928131416837782,GORIZIA,CON,ARC
540,998,0.5284052019164955,GORIZIA,CON,ARC
544,257,1.5003422313483916,GORIZIA,CON,UNI
73,1002,0.2518822724161533,UDINE,CON,ARC
545,1003,1.4127310061601643,TRIESTE,CON,ARC
8,1001,0.07939767282683094,UDINE,CON,ARC
5,557,1.3442847364818618,TRIESTE,CON,ENG
159,263,0.2518822724161533,UDINE,CON,ARC
540,998,0.4928131416837782,GORIZIA,CON,ARC
546,1004,0.49555099247091033,UDINE,CON,ARC
540,998,0.5448323066392882,GORIZIA,CON,ARC
547,256,0.3750855578370979,PORDENONE,CON,UNI
18,386,0.5010266940451745,Coast,CON,ENG
18,661,0.5229295003422314,Coast,CON,ENG
548,278,0.42984257357973993,TRIESTE,CON,ENG
548,278,0.42984257357973993,TRIESTE,CON,ENG
94,305,0.17796030116358658,TRIESTE,CON,ENG
27,549,0.5311430527036276,TRIESTE,CON,ENG
549,277,0.5010266940451745,TRIESTE,CON,ENG
18,151,0.4928131416837782,UDINE,CON,NAV
92,1005,0.3668720054757016,UDINE,CON,ENG
549,277,0.12594113620807665,TRIESTE,CON,ENG
550,353,0.4435318275154004,GORIZIA,CON,ENG
551,310,1.429158110882957,UDINE,CON,ENG
41,1006,1.4236824093086926,PORDENONE,CON,ENG
49,3,0.6926762491444216,UDINE,CON,MAN
8,1007,0.31759069130732376,GORIZIA,CON,ENG
18,310,3.6303901437371664,UDINE,CON,ENG
552,3,0.07665982203969883,UDINE,CON,BIO
58,310,0.49555099247091033,UDINE,CON,ENG
222,313,0.7885010266940452,TRIESTE,CON,ENG
553,182,0.15331964407939766,UDINE,CON,ENG
554,1008,0.49828884325804246,TRIESTE,CON,GBE
18,310,0.12046543463381246,UDINE,CON,ENG
185,313,0.4681724845995893,TRIESTE,CON,ENG
555,175,1.5468856947296372,MONFALCONE,CON,ENG
8,1009,0.5010266940451745,TRIESTE,CON,ARC
256,3,0.4134154688569473,UDINE,CON,ENG
556,3,2.0095824777549622,UDINE,CON,MAN
557,353,0.0054757015742642,GORIZIA,CON,ENG
27,313,2.6584531143052703,TRIESTE,CON,ENG
558,3,4.076659822039699,TRIESTE,CON,MAN
557,353,0.0054757015742642,GORIZIA,CON,ENG
553,182,0.15331964407939766,UDINE,CON,ENG
37,311,1.4811772758384667,MONFALCONE,CON,ENG
18,353,1.4510609171800135,GORIZIA,CON,ENG
267,313,0.7885010266940452,TRIESTE,CON,ENG
552,3,0.07665982203969883,UDINE,CON,BIO
559,313,0.07939767282683094,TRIESTE,CON,UNI
560,1010,0.49555099247091033,Coast,CON,ARC
560,1010,0.49555099247091033,Coast,CON,ARC
561,222,1.273100616016427,TRIESTE,CON,ENG
206,77,0.9774127310061602,Coast,CON,PCM
58,1011,4.287474332648871,PORDENONE,CON,PCM
488,1011,0.5147159479808351,PORDENONE,CON,PCM
18,315,1.486652977412731,PORDENONE,CON,UNI
18,243,0.03011635865845311,PORDENONE,CON,PCM
562,147,0.6680355920602327,UDINE,CON,ENG
37,147,4.205338809034908,UDINE,CON,ENG
134,147,0.49828884325804246,UDINE,CON,ENG
563,300,0.5776865160848734,TRIESTE,CON,ENG
402,147,0.9527720739219712,UDINE,CON,ENG
547,45,0.33401779603011633,TRIESTE,CON,BIO
550,70,0.5448323066392882,Mountain,CON,ENG
8,70,0.29842573579739906,Mountain,CON,ENG
564,1012,2.425735797399042,MANIAGO,CON,MAN
8,147,0.9965776865160848,UDINE,CON,ENG
5,300,0.24914442162902123,TRIESTE,CON,NAV
565,147,0.3066392881587953,UDINE,CON,ENG
566,17,2.327173169062286,TRIESTE,RES,UNI
567,1013,0.46269678302532513,PORDENONE,RES,ENG
568,1014,2.1765913757700206,TRIESTE,RES,BIO
5,1015,0.974674880219028,UDINE,RES,UNI
569,50,0.19164955509924708,TRIESTE,RES,UNI
68,50,0.5393566050650239,TRIESTE,RES,UNI
78,692,0.2683093771389459,PORDENONE,RES,UNI
570,1016,4.511978097193703,TRIESTE,RES,BIO
30,17,1.6399726214921286,TRIESTE,RES,UNI
571,692,5,TRIESTE,RES,PCM
572,1015,2.2751540041067764,UDINE,RES,UNI
78,692,0.2683093771389459,PORDENONE,RES,UNI
68,50,0.5393566050650239,TRIESTE,RES,UNI
134,1017,0.31759069130732376,TRIESTE,RES,PCM
17,30,3.512662559890486,TRIESTE,RES,GBE
5,30,1.426420260095825,UDINE,RES,GBE
141,30,3.3867214236824092,TRIESTE,RES,GBE
573,30,1.995893223819302,TRIESTE,RES,GBE
27,30,2.305270362765229,TRIESTE,RES,BIO
574,30,0.6598220396988365,TRIESTE,RES,BIO
559,30,2.516084873374401,TRIESTE,RES,PCM
8,30,0.999315537303217,UDINE,RES,GBE
5,30,2.3436002737850785,TRIESTE,RES,GBE
22,30,1.7631759069130732,TRIESTE,RES,NAV
58,288,1.5468856947296372,TRIESTE,RES,NAV
5,647,0.999315537303217,TRIESTE,RES,UNI
185,140,0.7337440109514032,TRIESTE,RES,UNI
134,5,0.9828884325804244,TRIESTE,RES,UNI
185,5,0.70362765229295,TRIESTE,RES,UNI
8,140,0.810403832991102,TRIESTE,RES,ENG
22,68,0.999315537303217,TRIESTE,RES,UNI
5,647,1.845311430527036,TRIESTE,RES,UNI
5,134,1.3278576317590691,TRIESTE,RES,PCM
134,559,0.5694729637234771,TRIESTE,RES,UNI
575,68,0.5147159479808351,TRIESTE,RES,UNI
8,134,1.998631074606434,TRIESTE,RES,PCM
559,134,2.595482546201232,TRIESTE,RES,PCM
58,123,4.427104722792608,TRIESTE,RES,UNI
68,134,1.297741273100616,TRIESTE,RES,PCM
18,134,0.14784394250513347,TRIESTE,RES,PCM
58,123,3.8466803559206024,TRIESTE,RES,UNI
576,170,1.1416837782340865,UDINE,RES,PCM
577,5,0.33675564681724846,TRIESTE,RES,UNI
578,5,2.7624914442162902,TRIESTE,RES,UNI
579,123,0.24914442162902123,TRIESTE,RES,PCM
580,5,3.923340177960301,TRIESTE,RES,UNI
242,68,1.8015058179329224,TRIESTE,RES,UNI
134,5,1.5797399041752225,TRIESTE,RES,UNI
581,134,0.49007529089664614,TRIESTE,RES,PCM
134,68,2.9952087611225187,TRIESTE,RES,UNI
5,134,0.8596851471594799,TRIESTE,RES,PCM
582,1018,0.9965776865160848,TRIESTE,RES,PCM
583,134,2.4668035592060233,TRIESTE,RES,BIO
8,5,0.8706365503080082,TRIESTE,RES,UNI
584,134,0.49555099247091033,TRIESTE,RES,PCM
565,134,0.5475701574264202,TRIESTE,RES,PCM
134,559,2.9952087611225187,TRIESTE,RES,UNI
5,134,0.32854209445585214,TRIESTE,RES,BIO
5,134,1.6399726214921286,TRIESTE,RES,PCM
8,5,2.346338124572211,TRIESTE,RES,UNI
134,68,0.4791238877481177,TRIESTE,RES,UNI
41,134,0.2108145106091718,TRIESTE,RES,PCM
5,123,0.188911704312115,TRIESTE,RES,PCM
134,68,0.2737850787132101,TRIESTE,RES,UNI
18,134,0.14784394250513347,TRIESTE,RES,PCM
585,5,0.4928131416837782,TRIESTE,RES,UNI
8,123,0.8706365503080082,TRIESTE,RES,UNI
578,5,0.999315537303217,TRIESTE,RES,UNI
190,134,0.5037645448323066,TRIESTE,RES,PCM
18,134,5,TRIESTE,RES,PCM
134,68,2.4969199178644765,TRIESTE,RES,UNI
147,134,0.5010266940451745,TRIESTE,RES,BIO
586,80,0.16427104722792607,TRIESTE,RES,ENG
587,123,2.16290212183436,TRIESTE,RES,PCM
228,5,2.1546885694729636,TRIESTE,RES,UNI
8,647,0.08213552361396304,TRIESTE,RES,UNI
588,5,0.02464065708418891,TRIESTE,RES,UNI
589,134,0.2272416153319644,TRIESTE,RES,PCM
590,1019,0.4134154688569473,UDINE,RES,ENG
5,134,0.9965776865160848,TRIESTE,RES,PCM
591,68,3.055441478439425,TRIESTE,RES,UNI
592,1020,0.8733744010951403,TRIESTE,RES,MAN
5,134,1.8069815195071868,TRIESTE,RES,PCM
593,5,0.5420944558521561,TRIESTE,RES,UNI
5,647,0.17248459958932238,TRIESTE,RES,UNI
8,123,2.083504449007529,TRIESTE,RES,PCM
18,134,0.4490075290896646,TRIESTE,RES,PCM
5,647,0.6926762491444216,TRIESTE,RES,ENG
140,1021,1.2375085557837098,TRIESTE,RES,BIO
594,134,0.9774127310061602,TRIESTE,RES,ENG
218,559,2.8884325804243667,TRIESTE,RES,UNI
121,5,1.8261464750171117,TRIESTE,RES,UNI
5,578,2.5927446954141,TRIESTE,RES,ENG
207,134,0.6269678302532512,TRIESTE,RES,PCM
27,134,0.4243668720054757,TRIESTE,RES,PCM
8,647,0.9007529089664612,TRIESTE,RES,UNI
5,123,1.426420260095825,TRIESTE,RES,UNI
134,559,2.951403148528405,TRIESTE,RES,BIO
134,68,0.2108145106091718,TRIESTE,RES,UNI
30,5,1.659137577002053,TRIESTE,RES,UNI
22,647,1.995893223819302,TRIESTE,RES,UNI
8,5,0.9965776865160848,TRIESTE,RES,UNI
594,134,0.9774127310061602,TRIESTE,RES,ENG
595,5,0.5284052019164955,TRIESTE,RES,UNI
22,68,0.7474332648870636,TRIESTE,RES,UNI
105,134,0.947296372347707,TRIESTE,RES,PCM
40,134,0.999315537303217,TRIESTE,RES,PCM
596,123,0.5420944558521561,TRIESTE,RES,UNI
597,170,0.08213552361396304,UDINE,RES,PCM
18,68,1.911019849418207,TRIESTE,RES,UNI
598,1022,0.5776865160848734,Coast,RES,ENG
370,689,0.865160848733744,TRIESTE,RES,UNI
91,123,2.3436002737850785,TRIESTE,RES,UNI
599,647,2.1820670773442847,TRIESTE,RES,UNI
147,134,0.24914442162902123,TRIESTE,RES,ENG
600,1023,2.2587268993839835,UDINE,RES,MAN
601,123,0.13963039014373715,TRIESTE,RES,UNI
602,68,0.4928131416837782,TRIESTE,RES,UNI
41,134,0.5968514715947981,TRIESTE,RES,PCM
18,134,1.6618754277891854,TRIESTE,RES,ENG
5,123,3.425051334702258,TRIESTE,RES,UNI
68,134,2.0643394934976045,TRIESTE,RES,PCM
5,80,0.2464065708418891,TRIESTE,RES,ENG
5,123,1.7768651608487338,TRIESTE,RES,UNI
5,134,0.32854209445585214,TRIESTE,RES,BIO
8,68,0.9965776865160848,TRIESTE,RES,UNI
5,80,0.16427104722792607,TRIESTE,RES,ENG
5,288,0.8295687885010267,TRIESTE,RES,ENG
123,5,1.4921286789869952,TRIESTE,RES,UNI
22,647,1.8151950718685832,TRIESTE,RES,UNI
603,134,2.9130732375085557,TRIESTE,RES,BIO
218,134,0.5338809034907598,TRIESTE,RES,PCM
27,1024,0.5010266940451745,TRIESTE,RES,PCM
28,134,0.49828884325804246,TRIESTE,RES,PCM
5,68,2.595482546201232,TRIESTE,RES,UNI
5,1021,0.30116358658453113,TRIESTE,RES,PCM
22,134,2.9842573579739904,TRIESTE,RES,PCM
134,68,0.9938398357289528,TRIESTE,RES,UNI
18,7,2.099931553730322,TRIESTE,RES,ENG
135,7,1.1772758384668036,TRIESTE,RES,ENG
604,440,0.4654346338124572,GORIZIA,RES,PCM
519,647,0.999315537303217,TRIESTE,SER,UNI
17,1025,5,TRIESTE,SER,MAN
368,1026,3.0910335386721424,TRIESTE,SER,MAN
200,105,4.689938398357289,TRIESTE,SER,ENG
5,558,2.9979466119096507,TRIESTE,SER,ENG
605,1027,1.7768651608487338,UDINE,SER,ENG
218,105,0.49828884325804246,TRIESTE,SER,ENG
606,1028,1.1225188227241616,Mountain,SER,ENG
607,1029,0.4079397672826831,UDINE,SER,ARC
18,105,2.2505133470225873,TRIESTE,SER,ENG
5,1030,1.3552361396303902,GORIZIA,SER,MAN
27,272,0.07939767282683094,TRIESTE,SER,NAV
608,1031,0.27652292950034224,MANIAGO,SER,MAN
200,266,0.0027378507871321,UDINE,SER,ENG
200,266,0.0027378507871321,UDINE,SER,ENG
18,1032,0.2737850787132101,UDINE,SER,ENG
609,1031,2.5051334702258727,MANIAGO,SER,MAN
18,428,0.03011635865845311,UDINE,SER,ENG
609,1031,2.5051334702258727,MANIAGO,SER,MAN
610,322,0.2245037645448323,MANIAGO,SER,MAN
8,1033,0.2299794661190965,MANIAGO,SER,UNI
409,1034,0.5776865160848734,Mountain,SER,AGR
51,1035,0.07665982203969883,UDINE,SER,BIO
40,1036,0.29842573579739906,UDINE,SER,ENG
8,1037,0.9965776865160848,UDINE,SER,ENG
18,1037,5,UDINE,SER,ENG
611,1038,0.5010266940451745,TRIESTE,SER,ENG
37,266,4.131416837782341,UDINE,SER,MAN
5,1039,0.4161533196440794,UDINE,SER,ENG
612,1040,0.9965776865160848,UDINE,SER,ARC
85,1037,1.7193702943189595,UDINE,SER,ENG
256,92,0.4928131416837782,UDINE,SER,ENG
185,552,0.35592060232717315,Mountain,SER,PCM
613,1041,0.5393566050650239,UDINE,SER,UNI
27,1041,1.3059548254620124,UDINE,SER,UNI
614,1041,0.1943874058863792,UDINE,SER,ARC
615,1041,0.2026009582477755,UDINE,SER,UNI
5,1042,0.9965776865160848,TRIESTE,SER,ARC
41,178,0.12594113620807665,PORDENONE,SER,MAN
616,218,0.5366187542778919,TRIESTE,SER,UNI
222,267,0.8788501026694046,TRIESTE,SER,ENG
617,431,2.954140999315537,TRIESTE,SER,BIO
618,685,0.7446954140999316,TRIESTE,SER,BIO
619,785,1.2758384668035592,TRIESTE,SER,NAV
620,1043,0.9965776865160848,UDINE,SER,ENG
85,1044,3.033538672142368,UDINE,SER,MAN
535,691,0.15605749486652978,TRIESTE,SER,BIO
27,1045,0.5338809034907598,PORDENONE,SER,ENG
621,338,0.7446954140999316,TRIESTE,SER,ENG
40,1046,0.24914442162902123,UDINE,SER,ENG
622,1043,0.29021218343600275,UDINE,SER,ENG
623,1047,1.9685147159479808,PORDENONE,SER,MAN
91,738,0.5229295003422314,MANIAGO,SER,ENG
624,1045,1.3552361396303902,PORDENONE,SER,ENG
18,185,0.47091033538672145,Coast,SER,ENG
8,4,0.2874743326488706,UDINE,SER,BIO
621,338,0.7446954140999316,TRIESTE,SER,ENG
40,1046,0.24914442162902123,UDINE,SER,ENG
625,691,0.188911704312115,TRIESTE,SER,BIO
626,342,1.1663244353182751,UDINE,SER,ENG
627,1048,1.4921286789869952,Coast,SER,UNI
8,342,1.002053388090349,UDINE,SER,ENG
8,1049,0.9965776865160848,TRIESTE,SER,MAN
628,1050,5,UDINE,SER,MAN
489,1051,2.1765913757700206,TRIESTE,SER,MAN
525,1051,0.11772758384668036,TRIESTE,SER,ARC
5,1052,1.6153319644079398,TRIESTE,SER,ARC
629,488,3.646817248459959,PORDENONE,SER,PCM
5,1053,2.926762491444216,TRIESTE,SER,ENG
342,626,1.1663244353182751,TRIESTE,SER,MAN
630,1054,1.911019849418207,Mountain,SER,UNI
16,1053,1.8535249828884328,TRIESTE,SER,ENG
631,1055,1.1772758384668036,GORIZIA,SER,ENG
18,1053,1.5578370978781657,TRIESTE,SER,ENG
632,24,0.0109514031485284,UDINE,SER,MAN
18,1053,1.6043805612594113,TRIESTE,SER,ENG
27,1056,0.17248459958932238,UDINE,PSER,ARC
4,1057,1.2594113620807663,UDINE,PSER,ARC
601,1058,0.6379192334017796,UDINE,PSER,UNI
28,1059,2.425735797399042,MANIAGO,PSER,ARC
80,1060,0.24914442162902123,Coast,PSER,ARC
633,601,0.8487337440109514,UDINE,PSER,ENG
634,601,0.5201916495550992,UDINE,PSER,ENG
18,152,0.16427104722792607,PORDENONE,PSER,ENG
379,152,1.9219712525667352,UDINE,PSER,ENG
27,1061,2.346338124572211,MANIAGO,PSER,UNI
8,675,2.349075975359343,UDINE,PSER,GBE
58,1062,1.3442847364818618,TRIESTE,PSER,ENG
22,675,1.3853524982888432,UDINE,PSER,GBE
8,1062,1.426420260095825,TRIESTE,PSER,PCM
27,1062,0.49007529089664614,TRIESTE,PSER,ENG
310,1062,1.2265571526351813,TRIESTE,PSER,ENG
124,1062,1.9767282683093772,TRIESTE,PSER,ENG
134,1062,1.4127310061601643,TRIESTE,PSER,PCM
8,675,0.919917864476386,UDINE,PSER,GBE
635,1062,2.3846680355920604,TRIESTE,PSER,PCM
67,1063,0.2108145106091718,UDINE,PSER,UNI
421,1062,2.390143737166325,TRIESTE,PSER,UNI
636,1064,1.3552361396303902,Coast,PSER,PCM
200,5,3.1950718685831623,TRIESTE,PSER,UNI
27,5,2.305270362765229,TRIESTE,PSER,UNI
185,8,1.1498973305954825,UDINE,PSER,UNI
637,8,0.5338809034907598,UDINE,PSER,UNI
5,8,0.3258042436687201,UDINE,PSER,UNI
638,8,3.6386036960985626,PORDENONE,PSER,UNI
5,8,0.9965776865160848,GORIZIA,PSER,UNI
639,8,3.252566735112936,UDINE,PSER,BIO
640,8,0.7446954140999316,UDINE,PSER,UNI
134,5,0.999315537303217,TRIESTE,PSER,UNI
578,5,0.9938398357289528,TRIESTE,PSER,UNI
641,5,0.2080766598220397,TRIESTE,PSER,UNI
185,5,0.5147159479808351,TRIESTE,PSER,UNI
105,5,1.3880903490759753,GORIZIA,PSER,UNI
68,22,2.4914442162902124,TRIESTE,PSER,UNI
642,8,0.10677618069815197,UDINE,PSER,UNI
22,8,1.998631074606434,UDINE,PSER,UNI
68,5,0.9965776865160848,TRIESTE,PSER,UNI
549,5,0.5393566050650239,TRIESTE,PSER,UNI
231,5,0.2381930184804928,TRIESTE,PSER,UNI
643,5,1.3305954825462012,TRIESTE,PSER,UNI
8,5,3.3374401095140316,TRIESTE,PSER,UNI
535,22,0.5010266940451745,TRIESTE,PSER,UNI
22,5,0.999315537303217,TRIESTE,PSER,UNI
644,5,0.49828884325804246,TRIESTE,PSER,UNI
386,22,0.5010266940451745,TRIESTE,PSER,UNI
41,8,1.2922655715263518,UDINE,PSER,ENG
30,5,1.1170431211498972,TRIESTE,PSER,UNI
645,8,0.33401779603011633,UDINE,PSER,UNI
4,5,0.2381930184804928,TRIESTE,PSER,MAN
68,22,0.785763175906913,TRIESTE,PSER,UNI
27,8,1.8042436687200547,UDINE,PSER,ENG
123,5,1.995893223819302,TRIESTE,PSER,UNI
147,8,0.49007529089664614,UDINE,PSER,UNI
559,8,3.34839151266256,UDINE,PSER,UNI
525,8,3.0937713894592744,UDINE,PSER,UNI
646,22,0.4928131416837782,TRIESTE,PSER,UNI
647,8,0.9965776865160848,UDINE,PSER,UNI
18,8,1.1772758384668036,UDINE,PSER,UNI
511,8,0.6652977412731006,PORDENONE,PSER,UNI
5,8,2.305270362765229,UDINE,PSER,UNI
18,5,2.305270362765229,TRIESTE,PSER,UNI
18,8,1.136208076659822,UDINE,PSER,UNI
134,5,0.9965776865160848,TRIESTE,PSER,UNI
647,5,0.1697467488021903,TRIESTE,PSER,UNI
18,22,2.3436002737850785,TRIESTE,PSER,UNI
5,8,1.845311430527036,UDINE,PSER,UNI
30,8,2.0917180013689256,UDINE,PSER,UNI
8,5,0.6707734428473648,TRIESTE,PSER,UNI
648,8,0.9308692676249144,UDINE,PSER,UNI
649,8,3.34839151266256,UDINE,PSER,UNI
58,22,1.88911704312115,TRIESTE,PSER,UNI
94,8,1.6372347707049966,UDINE,PSER,UNI
141,5,1.1772758384668036,TRIESTE,PSER,UNI
27,8,2.351813826146475,UDINE,PSER,UNI
134,22,0.49828884325804246,TRIESTE,PSER,UNI
18,5,0.9965776865160848,TRIESTE,PSER,UNI
109,8,0.19164955509924708,PORDENONE,PSER,UNI
58,8,0.03832991101984941,UDINE,PSER,UNI
4,8,2.2587268993839835,UDINE,PSER,ENG
650,8,0.49828884325804246,UDINE,PSER,UNI
134,22,0.9965776865160848,TRIESTE,PSER,UNI
5,8,0.6598220396988365,GORIZIA,PSER,UNI
177,8,3.34839151266256,UDINE,PSER,UNI
244,8,0.35592060232717315,UDINE,PSER,UNI
8,5,0.16427104722792607,TRIESTE,PSER,UNI
651,8,2.7214236824093088,UDINE,PSER,UNI
134,5,1.2922655715263518,TRIESTE,PSER,UNI
9,5,0.2546201232032854,TRIESTE,PSER,UNI
8,5,0.1998631074606434,TRIESTE,PSER,UNI
134,8,2.844626967830253,UDINE,PSER,UNI
288,8,0.7008898015058179,UDINE,PSER,UNI
147,22,2.3436002737850785,TRIESTE,PSER,UNI
652,8,1.596167008898015,UDINE,PSER,UNI
30,22,0.5010266940451745,TRIESTE,PSER,UNI
5,22,2.0917180013689256,TRIESTE,PSER,UNI
647,5,2.212183436002738,TRIESTE,PSER,UNI
18,8,1.7440109514031483,UDINE,PSER,UNI
8,5,0.07939767282683094,TRIESTE,PSER,UNI
37,22,3.2087611225188226,TRIESTE,PSER,UNI
8,5,1.0047912388774811,TRIESTE,PSER,UNI
648,5,2.924024640657084,TRIESTE,PSER,UNI
647,8,0.08213552361396304,UDINE,PSER,UNI
653,5,0.7474332648870636,TRIESTE,PSER,UNI
654,8,1.3552361396303902,UDINE,PSER,UNI
648,8,0.5557837097878165,UDINE,PSER,UNI
655,8,2.3436002737850785,UDINE,PSER,UNI
5,8,2.351813826146475,UDINE,PSER,UNI
232,8,0.4845995893223819,UDINE,PSER,UNI
313,5,0.5366187542778919,TRIESTE,PSER,UNI
656,8,0.3258042436687201,UDINE,PSER,UNI
41,8,1.1772758384668036,UDINE,PSER,UNI
5,8,1.0841889117043122,UDINE,PSER,UNI
123,5,0.188911704312115,TRIESTE,PSER,UNI
22,5,1.1772758384668036,TRIESTE,PSER,UNI
657,5,1.2594113620807663,TRIESTE,PSER,UNI
658,5,1.949349760438056,TRIESTE,PSER,UNI
659,5,0.24914442162902123,TRIESTE,PSER,UNI
18,8,2.3436002737850785,UDINE,PSER,UNI
660,22,0.5010266940451745,TRIESTE,PSER,UNI
148,22,0.5065023956194388,TRIESTE,PSER,UNI
5,8,0.1998631074606434,UDINE,PSER,UNI
661,5,0.5229295003422314,TRIESTE,PSER,UNI
662,5,0.5010266940451745,TRIESTE,PSER,UNI
663,22,0.2053388090349076,TRIESTE,PSER,UNI
664,8,3.34839151266256,UDINE,PSER,UNI
18,8,0.33127994524298426,UDINE,PSER,UNI
27,5,1.3333333333333333,TRIESTE,PSER,UNI
665,5,0.5010266940451745,TRIESTE,PSER,UNI
18,8,2.3326488706365502,UDINE,PSER,UNI
666,5,1.9301848049281312,TRIESTE,PSER,UNI
667,5,0.49555099247091033,TRIESTE,PSER,UNI
668,5,0.3860369609856263,TRIESTE,PSER,UNI
134,8,0.3258042436687201,UDINE,PSER,UNI
669,8,0.29842573579739906,UDINE,PSER,UNI
670,8,1.6043805612594113,UDINE,PSER,UNI
671,8,0.10677618069815197,UDINE,PSER,UNI
27,5,1.426420260095825,TRIESTE,PSER,UNI
134,5,0.16427104722792607,TRIESTE,PSER,UNI
672,22,0.16700889801505817,TRIESTE,PSER,UNI
344,8,0.4928131416837782,UDINE,PSER,UNI
8,5,0.2464065708418891,TRIESTE,PSER,UNI
86,5,1.215605749486653,GORIZIA,PSER,UNI
99,8,1.998631074606434,UDINE,PSER,BIO
673,8,0.7063655030800822,UDINE,PSER,UNI
674,8,2.844626967830253,UDINE,PSER,UNI
68,8,0.9965776865160848,UDINE,PSER,UNI
27,22,2.3436002737850785,TRIESTE,PSER,UNI
675,8,0.621492128678987,UDINE,PSER,UNI
648,8,0.5886379192334018,UDINE,PSER,UNI
676,8,0.2600958247775496,UDINE,PSER,UNI
677,8,1.3442847364818618,UDINE,PSER,UNI
134,5,0.27652292950034224,TRIESTE,PSER,UNI
561,22,2.425735797399042,TRIESTE,PSER,UNI
41,8,3.3867214236824092,PORDENONE,PSER,UNI
123,5,1.8809034907597535,TRIESTE,PSER,UNI
9,22,0.2546201232032854,TRIESTE,PSER,UNI
8,5,3.24435318275154,TRIESTE,PSER,UNI
68,5,0.49828884325804246,TRIESTE,PSER,UNI
8,5,0.999315537303217,TRIESTE,PSER,UNI
678,22,0.4928131416837782,TRIESTE,PSER,UNI
41,8,2.3436002737850785,UDINE,PSER,PCM
22,5,0.999315537303217,TRIESTE,PSER,UNI
315,8,1.7631759069130732,UDINE,PSER,UNI
18,22,0.999315537303217,TRIESTE,PSER,UNI
58,5,3.008898015058179,TRIESTE,PSER,UNI
679,5,2.9979466119096507,TRIESTE,PSER,UNI
134,8,0.7063655030800822,UDINE,PSER,UNI
58,8,2.5544147843942504,UDINE,PSER,UNI
121,5,3.1074606433949348,TRIESTE,PSER,UNI
8,22,0.15331964407939766,TRIESTE,PSER,UNI
5,8,2.6365503080082138,UDINE,PSER,UNI
218,5,2.406570841889117,TRIESTE,PSER,UNI
123,5,1.2594113620807663,TRIESTE,PSER,UNI
30,5,1.2785763175906912,TRIESTE,PSER,UNI
134,8,0.16427104722792607,UDINE,PSER,UNI
8,22,0.2190280629705681,TRIESTE,PSER,UNI
680,5,5,TRIESTE,PSER,UNI
681,1065,2.2477754962354553,UDINE,PSER,BIO
8,1066,0.9965776865160848,UDINE,PSER,MAN
681,1065,0.922655715263518,UDINE,PSER,BIO
682,1065,0.8815879534565366,UDINE,PSER,MAN
682,1065,0.8815879534565366,UDINE,PSER,MAN
8,1067,0.2600958247775496,UDINE,PSER,PCM
683,4,2.3436002737850785,UDINE,PSER,BIO
684,685,0.34223134839151265,TRIESTE,PSER,ARC
5,1068,0.5941136208076659,TRIESTE,PSER,BIO
685,379,1.1772758384668036,PORDENONE,PSER,BIO
78,4,1.538672142368241,UDINE,PSER,BIO
379,4,1.845311430527036,UDINE,PSER,ENG
78,4,3.008898015058179,UDINE,PSER,BIO
685,683,2.00684462696783,UDINE,PSER,BIO
236,4,1.218343600273785,UDINE,PSER,FAR
686,4,2.0917180013689256,UDINE,PSER,ENG
687,685,0.02190280629705681,GORIZIA,PSER,ARC
49,4,2.2587268993839835,UDINE,PSER,PCM
8,685,0.621492128678987,GORIZIA,PSER,ENG
525,685,3.008898015058179,TRIESTE,PSER,ENG
688,685,0.6598220396988365,TRIESTE,PSER,ENG
689,4,3.805612594113621,UDINE,PSER,FAR
78,4,2.7624914442162902,UDINE,PSER,BIO
685,379,1.8042436687200547,PORDENONE,PSER,ENG
78,4,1.678302532511978,UDINE,PSER,BIO
18,1069,0.243668720054757,UDINE,PSER,BIO
8,4,0.999315537303217,UDINE,PSER,ENG
690,4,0.30937713894592744,Mountain,PSER,ENG
72,4,3.512662559890486,UDINE,PSER,BIO
691,379,2.0588637919233403,PORDENONE,PSER,ENG
200,379,2.3436002737850785,PORDENONE,PSER,ENG
108,519,0.4188911704312115,TRIESTE,PSER,UNI
78,519,0.3668720054757016,TRIESTE,PSER,UNI
692,78,0.2683093771389459,PORDENONE,PSER,BIO
27,519,0.7091033538672142,TRIESTE,PSER,BIO
5,78,1.998631074606434,PORDENONE,PSER,BIO
379,78,1.13347022587269,PORDENONE,PSER,ENG
27,78,4.8815879534565365,PORDENONE,PSER,PCM
693,78,1.0047912388774811,PORDENONE,PSER,BIO
5,78,1.754962354551677,PORDENONE,PSER,ENG
78,519,0.919917864476386,TRIESTE,PSER,BIO
519,78,0.919917864476386,PORDENONE,PSER,BIO
27,78,0.5311430527036276,PORDENONE,PSER,PCM
8,78,0.2327173169062286,PORDENONE,PSER,ENG
694,1070,0.16153319644079395,GORIZIA,PSER,MAN
40,1071,1.678302532511978,UDINE,PSER,MAN
695,681,1.3388090349075976,UDINE,PSER,BIO
696,1072,2.3326488706365502,UDINE,PSER,PCM
695,681,2.6639288158795345,UDINE,PSER,BIO
697,586,0.15058179329226556,MANIAGO,PSER,MAN
698,1073,2.324435318275154,TRIESTE,PSER,MAN
80,586,0.5831622176591376,MANIAGO,PSER,MAN
699,700,0.9500342231348392,Coast,PSER,MAN
280,702,0.4161533196440794,UDINE,PSER,MAN
700,702,0.22176591375770024,Coast,PSER,MAN
78,702,1.538672142368241,UDINE,PSER,MAN
429,1074,0.5092402464065708,Coast,PSER,MAN
18,702,3.345653661875428,UDINE,PSER,MAN
701,280,0.31759069130732376,UDINE,PSER,MAN
22,280,0.13141683778234087,Coast,PSER,MAN
702,280,1.426420260095825,UDINE,PSER,MAN
702,280,1.426420260095825,UDINE,PSER,MAN
21,280,0.38329911019849416,Mountain,PSER,MAN
703,280,0.33401779603011633,UDINE,PSER,MAN
415,1075,1.4784394250513346,PORDENONE,PSER,BIO
704,280,0.08213552361396304,UDINE,PSER,MAN
170,576,0.8980150581793293,UDINE,OTH,GBE
705,439,1.593429158110883,Coast,OTH,ENG
706,1076,0.70362765229295,Mountain,OTH,MAN
12,1077,0.19164955509924708,UDINE,OTH,GBE
702,1078,0.9527720739219712,Mountain,OTH,ARC
8,1079,0.9965776865160848,TRIESTE,OTH,MAN
8,648,0.5886379192334018,TRIESTE,OTH,UNI
8,648,0.9308692676249144,TRIESTE,OTH,UNI
5,648,0.5557837097878165,TRIESTE,OTH,UNI
5,648,2.9349760438056127,TRIESTE,OTH,UNI
12,1080,2.510609171800137,UDINE,OTH,MAN
5,1081,1.3497604380561261,TRIESTE,OTH,MAN
5,651,0.48186173853524983,MONFALCONE,OTH,UNI
627,651,2.639288158795346,MONFALCONE,OTH,UNI
707,1082,3.9561943874058865,PORDENONE,OTH,MAN
708,1083,2.0917180013689256,Coast,OTH,MAN
5,1084,1.1772758384668036,PORDENONE,OTH,ENG
262,1084,2.425735797399042,PORDENONE,OTH,ENG
